"filename","file_name","is_stop_if_error","is_trigger_onchange_deleted_objects","name","sequence","sheetexp_ids/is_print_col","sheetexp_ids/sheet_name","sheetexp_ids/sql_query","sheetexp_ids/starting_line","sheetimp_ids/action_if_found","sheetimp_ids/ending_line","sheetimp_ids/field_ids/column","sheetimp_ids/field_ids/constant_value","sheetimp_ids/field_ids/date_format","sheetimp_ids/field_ids/domain","sheetimp_ids/field_ids/field/name","sheetimp_ids/field_ids/is_modification_key","sheetimp_ids/field_ids/is_trigger_strip","sheetimp_ids/field_ids/relation_openprod_id/model","sheetimp_ids/field_ids/research_mode","sheetimp_ids/field_ids/sequence","sheetimp_ids/is_trigger_compute","sheetimp_ids/is_trigger_onchange","sheetimp_ids/is_use_object_create","sheetimp_ids/is_use_transition","sheetimp_ids/max_sequence","sheetimp_ids/relation_id/model","sheetimp_ids/sequence","sheetimp_ids/sheet_name","sheetimp_ids/starting_line","template_document_id/name"
"","","True","False","MyFab - Contacts","0","","","","","update","","","0","%Y-%m-%d %H:%M:%S","[]","is_company","False","True","","constant_value","0","True","True","True","False","33","res.partner","0","Contacts","3",""
"","","","","","","","","","","","","B","","%Y-%m-%d %H:%M:%S","[]","name","False","True","","write","1","","","","","","","","","",""
"","","","","","","","","","","","","C","","%Y-%m-%d %H:%M:%S","[]","first_name","False","True","","write","2","","","","","","","","","",""
"","","","","","","","","","","","","","","%Y-%m-%d %H:%M:%S","[[""name"",""="",""$D""]]","civility_id","False","True","res.partner.title","domain","3","","","","","","","","","",""
"","","","","","","","","","","","","E","","%Y-%m-%d %H:%M:%S","[]","allow_mailing","False","True","","write","4","","","","","","","","","",""
"","","","","","","","","","","","","G","","%Y-%m-%d %H:%M:%S","[]","lang","False","True","","write","5","","","","","","","","","",""
"","","","","","","","","","","","","","","%Y-%m-%d %H:%M:%S","[[""name"",""="",""$H""]]","function_id","False","True","contact.function","domain","6","","","","","","","","","",""
"","","","","","","","","","","","","","","%Y-%m-%d %H:%M:%S","[[""name"",""="",""$I""]]","service_id","False","True","contact.service","domain","7","","","","","","","","","",""
"","","","","","","","","","","","","J","","%Y-%m-%d %H:%M:%S","[]","active","False","True","","write","8","","","","","","","","","",""
"","","","","","","","","","","","","K","","%Y-%m-%d %H:%M:%S","[]","company_address","False","True","","write","9","","","","","","","","","",""
"","","","","","","","","","","","","U","","%Y-%m-%d %H:%M:%S","[]","website","False","True","","write","17","","","","","","","","","",""
"","","","","","","","","","","","","V","","%Y-%m-%d %H:%M:%S","[]","phone","False","True","","write","18","","","","","","","","","",""
"","","","","","","","","","","","","W","","%Y-%m-%d %H:%M:%S","[]","mobile","False","True","","write","19","","","","","","","","","",""
"","","","","","","","","","","","","X","","%Y-%m-%d %H:%M:%S","[]","email","False","True","","write","20","","","","","","","","","",""
"","","","","","","","","","","","","Y","","%Y-%m-%d %H:%M:%S","[]","fax","False","True","","write","21","","","","","","","","","",""
"","","","","","","","","","","","","","","%Y-%m-%d %H:%M:%S","[[""reference"",""="",""$F""]]","parent_id","False","True","res.partner","domain","22","","","","","","","","","",""
"","","","","","","","","","","","","","","%Y-%m-%d %H:%M:%S","[[""name"",""="",""$L""]]","parent_address_id","False","True","address","domain","23","","","","","","","","","",""
"","","","","","","","","","","update","","","","%Y-%m-%d %H:%M:%S","[[""name"",""="",""$B""],[""first_name"",""="",""$C""]]","partner_address_id","True","True","res.partner","domain","1","True","True","True","False","19","address","1","Contacts","3",""
"","","","","","","","","","","","","N","","%Y-%m-%d %H:%M:%S","[]","street","False","True","","write","2","","","","","","","","","",""
"","","","","","","","","","","","","O","","%Y-%m-%d %H:%M:%S","[]","street2","False","True","","write","3","","","","","","","","","",""
"","","","","","","","","","","","","P","","%Y-%m-%d %H:%M:%S","[]","street3","False","True","","write","4","","","","","","","","","",""
"","","","","","","","","","","","","","","%Y-%m-%d %H:%M:%S","[[""name"",""="",""$Q""]]","country_id","False","True","res.country","domain","5","","","","","","","","","",""
"","","","","","","","","","","","","R","","%Y-%m-%d %H:%M:%S","[]","zip","False","True","","write","6","","","","","","","","","",""
"","","","","","","","","","","","","S","","%Y-%m-%d %H:%M:%S","[]","city","False","True","","write","7","","","","","","","","","",""
"","","","","","","","","","","","","","","%Y-%m-%d %H:%M:%S","[[""name"",""="",""$T""]]","region_id","False","True","res.region","domain","8","","","","","","","","","",""
"","","","","","","","","","","","","Z","","%Y-%m-%d %H:%M:%S","[]","address_note","False","True","","write","9","","","","","","","","","",""
"","","True","False","MyFab - Adresse","0","","","","","update","","","","%Y-%m-%d %H:%M:%S","[[""reference"",""="",""$A""]]","partner_delivery_id","True","True","res.partner","domain","0","True","True","True","False","0","address","0","Adresse","3",""
"","","","","","","","","","","","","B","","%Y-%m-%d %H:%M:%S","[]","name","True","True","","write","1","","","","","","","","","",""
"","","","","","","","","","","","","C","","%Y-%m-%d %H:%M:%S","[]","street","False","True","","write","2","","","","","","","","","",""
"","","","","","","","","","","","","D","","%Y-%m-%d %H:%M:%S","[]","street2","False","True","","write","3","","","","","","","","","",""
"","","","","","","","","","","","","E","","%Y-%m-%d %H:%M:%S","[]","street3","False","True","","write","4","","","","","","","","","",""
"","","","","","","","","","","","","F","","%Y-%m-%d %H:%M:%S","[]","zip","False","True","","write","5","","","","","","","","","",""
"","","","","","","","","","","","","G","","%Y-%m-%d %H:%M:%S","[]","city","False","True","","write","6","","","","","","","","","",""
"","","","","","","","","","","","","","","%Y-%m-%d %H:%M:%S","[[""name"",""="",""$H""]]","region_id","False","True","res.region","domain","7","","","","","","","","","",""
"","","","","","","","","","","","","","","%Y-%m-%d %H:%M:%S","[[""name"",""="",""$I""]]","country_id","False","True","res.country","domain","8","","","","","","","","","",""
"","","","","","","","","","","","","J","","%Y-%m-%d %H:%M:%S","[]","transport_delay","False","True","","write","9","","","","","","","","","",""
"","","","","","","","","","","","","K","","%Y-%m-%d %H:%M:%S","[]","edi_code","False","True","","write","10","","","","","","","","","",""
"","","","","","","","","","","","","L","","%Y-%m-%d %H:%M:%S","[]","is_active","False","True","","write","11","","","","","","","","","",""
"","","","","","","","","","","","","M","","%Y-%m-%d %H:%M:%S","[]","use_address_transport_delay","False","True","","write","12","","","","","","","","","",""
"","","","","","","","","","","","","N","","%Y-%m-%d %H:%M:%S","[]","address_note","False","True","","write","13","","","","","","","","","",""
"","","True","False","MyFab - Client","0","","","","","update","","","1","%Y-%m-%d %H:%M:%S","[]","is_company","False","True","","constant_value","0","True","True","True","False","21","res.partner","1","Client","4",""
"","","","","","","","","","","","","B","","%Y-%m-%d %H:%M:%S","[]","name","False","True","","write","1","","","","","","","","","",""
"","","","","","","","","","","","","C","","%Y-%m-%d %H:%M:%S","[]","reference","True","True","","write","2","","","","","","","","","",""
"","","","","","","","","","","","","","","%Y-%m-%d %H:%M:%S","[[""name"",""="",""$E""]]","parent_company_id","False","True","res.partner","domain","3","","","","","","","","","",""
"","","","","","","","","","","","","","","%Y-%m-%d %H:%M:%S","[[""name"",""="",""$F""]]","calendar_id","False","True","calendar","domain","4","","","","","","","","","",""
"","","","","","","","","","","","","","","%Y-%m-%d %H:%M:%S","[[""name"",""="",""$G""]]","currency_id","False","True","res.currency","domain","5","","","","","","","","","",""
"","","","","","","","","","","","","","","%Y-%m-%d %H:%M:%S","[[""name"",""="",""$H""]]","category_ids","False","True","res.partner.category","domain","6","","","","","","","","","",""
"","","","","","","","","","","","","I","","%Y-%m-%d %H:%M:%S","[]","lang","False","True","","write","7","","","","","","","","","",""
"","","","","","","","","","","","","J","","%Y-%m-%d %H:%M:%S","[]","is_customer","False","True","","write","8","","","","","","","","","",""
"","","","","","","","","","","","","K","","%Y-%m-%d %H:%M:%S","[]","is_group","False","True","","write","9","","","","","","","","","",""
"","","","","","","","","","","","","","","%Y-%m-%d %H:%M:%S","[[""name"",""="",""$D""]]","title_id","False","True","res.company.title","domain","10","","","","","","","","","",""
"","","","","","","","","","","","","L","","%Y-%m-%d %H:%M:%S","[]","is_other_third_party","False","True","","write","11","","","","","","","","","",""
"","","","","","","","","","","update","","AA","","%Y-%m-%d %H:%M:%S","[]","street","False","True","","write","0","True","True","True","False","19","address","2","Client","4",""
"","","","","","","","","","","","","AB","","%Y-%m-%d %H:%M:%S","[]","street2","False","True","","write","2","","","","","","","","","",""
"","","","","","","","","","","","","AC","","%Y-%m-%d %H:%M:%S","[]","street3","False","True","","write","3","","","","","","","","","",""
"","","","","","","","","","","","","AD","","%Y-%m-%d %H:%M:%S","[]","zip","False","True","","write","4","","","","","","","","","",""
"","","","","","","","","","","","","AE","","%Y-%m-%d %H:%M:%S","[]","city","False","True","","write","5","","","","","","","","","",""
"","","","","","","","","","","","","","","%Y-%m-%d %H:%M:%S","[[""name"",""="",""$AF""]]","region_id","False","True","res.region","domain","6","","","","","","","","","",""
"","","","","","","","","","","","","","","%Y-%m-%d %H:%M:%S","[[""name"",""="",""$AG""]]","country_id","False","True","res.country","domain","7","","","","","","","","","",""
"","","","","","","","","","","","","B","","%Y-%m-%d %H:%M:%S","[]","name","True","True","","write","8","","","","","","","","","",""
"","","","","","","","","","","","","AH","","%Y-%m-%d %H:%M:%S","[]","address_note","False","True","","write","9","","","","","","","","","",""
"","","","","","","","","","","update","","C","","%Y-%m-%d %H:%M:%S","[]","reference","True","True","","write","0","True","True","True","False","17","res.partner","3","Client","4",""
"","","","","","","","","","","","","AI","","%Y-%m-%d %H:%M:%S","[]","corporate_name","False","True","","write","1","","","","","","","","","",""
"","","","","","","","","","","","","AJ","","%Y-%m-%d %H:%M:%S","[]","website","False","True","","write","2","","","","","","","","","",""
"","","","","","","","","","","","","AK","","%Y-%m-%d %H:%M:%S","[]","phone","False","True","","write","3","","","","","","","","","",""
"","","","","","","","","","","","","AL","","%Y-%m-%d %H:%M:%S","[]","mobile","False","True","","write","4","","","","","","","","","",""
"","","","","","","","","","","","","AM","","%Y-%m-%d %H:%M:%S","[]","email","False","True","","write","5","","","","","","","","","",""
"","","","","","","","","","","","","AN","","%Y-%m-%d %H:%M:%S","[]","fax","False","True","","write","6","","","","","","","","","",""
"","","","","","","","","","","","","","","%Y-%m-%d %H:%M:%S","[[""name"",""="",""$B""]]","address_id","False","True","address","domain","7","","","","","","","","","",""
"","","","","","","","","","","update","","C","","%Y-%m-%d %H:%M:%S","[]","reference","True","True","","write","0","True","True","True","False","0","res.partner","4","Client","4",""
"","","","","","","","","","","","","BA","","%Y-%m-%d %H:%M:%S","[]","internal_note","False","True","","write","1","","","","","","","","","",""
"","","","","","","","","","","update","","C","","%Y-%m-%d %H:%M:%S","[]","reference","True","True","","write","0","True","True","True","False","0","res.partner","5","Client","4",""
"","","","","","","","","","","","","CA","","%Y-%m-%d %H:%M:%S","[]","can_order","False","True","","write","1","","","","","","","","","",""
"","","","","","","","","","","","","CB","","%Y-%m-%d %H:%M:%S","[]","can_be_delivered","False","True","","write","2","","","","","","","","","",""
"","","","","","","","","","","","","CC","","%Y-%m-%d %H:%M:%S","[]","can_be_charged","False","True","","write","3","","","","","","","","","",""
"","","","","","","","","","","","","CD","","%Y-%m-%d %H:%M:%S","[]","can_paid","False","True","","write","4","","","","","","","","","",""
"","","","","","","","","","","","","","","%Y-%m-%d %H:%M:%S","[[""name"",""="",""$CE""]]","seller_id","False","True","res.users","domain","5","","","","","","","","","",""
"","","","","","","","","","","","","","","%Y-%m-%d %H:%M:%S","[[""name"",""="",""$CF""]]","sales_manager_id","False","True","res.users","domain","6","","","","","","","","","",""
"","","","","","","","","","","","","","","%Y-%m-%d %H:%M:%S","[[""name"",""="",""$CG""]]","sector_id","False","True","partner.sector","domain","7","","","","","","","","","",""
"","","","","","","","","","","","","","","%Y-%m-%d %H:%M:%S","[[""name"",""="",""$CH""]]","stat_family_id","False","True","partner.stat.family","domain","8","","","","","","","","","",""
"","","","","","","","","","","","","CI","","%Y-%m-%d %H:%M:%S","[]","edi_code","False","True","","write","9","","","","","","","","","",""
"","","","","","","","","","","","","CJ","","%Y-%m-%d %H:%M:%S","[]","num_with_customer","False","True","","write","10","","","","","","","","","",""
"","","","","","","","","","","","","CL","","%Y-%m-%d %H:%M:%S","[]","sale_price_compute_date","False","True","","write","11","","","","","","","","","",""
"","","","","","","","","","","","","CM","","%Y-%m-%d %H:%M:%S","[]","partial_sale_delivery","False","True","","write","12","","","","","","","","","",""
"","","","","","","","","","","","","CN","","%Y-%m-%d %H:%M:%S","[]","generate_sale_rest","False","True","","write","13","","","","","","","","","",""
"","","","","","","","","","","","","","","%Y-%m-%d %H:%M:%S","[[""name"",""="",""$CO""]]","property_account_position_id","False","True","account.fiscal.position","domain","14","","","","","","","","","",""
"","","","","","","","","","","","","","","%Y-%m-%d %H:%M:%S","[[""name"",""="",""$CP""]]","sale_contact_ids","False","True","res.partner","domain","15","","","","","","","","","",""
"","","","","","","","","","","","","CQ","","%Y-%m-%d %H:%M:%S","[]","sale_communication_method","False","True","","write","16","","","","","","","","","",""
"","","","","","","","","","","","","CR","","%Y-%m-%d %H:%M:%S","[]","receipt_demand","False","True","","write","17","","","","","","","","","",""
"","","","","","","","","","","","","CS","","%Y-%m-%d %H:%M:%S","[]","delay_confirmation","False","True","","write","18","","","","","","","","","",""
"","","","","","","","","","","","","","","%Y-%m-%d %H:%M:%S","[[""name"",""="",""$CT""]]","property_payment_term_id","False","True","account.payment.term","domain","19","","","","","","","","","",""
"","","","","","","","","","","","","","","%Y-%m-%d %H:%M:%S","[[""name"",""="",""$CU""]]","sale_payment_method_id","False","True","payment.method","domain","20","","","","","","","","","",""
"","","","","","","","","","","","","","","%Y-%m-%d %H:%M:%S","[[""name"",""="",""$CV""]]","sale_invoicing_method_id","False","True","account.invoicing.method","domain","21","","","","","","","","","",""
"","","","","","","","","","","","","CW","","%Y-%m-%d %H:%M:%S","[]","sale_discount_management","False","True","","write","22","","","","","","","","","",""
"","","","","","","","","","","","","CX","","%Y-%m-%d %H:%M:%S","[]","sale_max_delay","False","True","","write","23","","","","","","","","","",""
"","","","","","","","","","","","","CY","","%Y-%m-%d %H:%M:%S","[]","sale_discount_value","False","True","","write","24","","","","","","","","","",""
"","","","","","","","","","","","","DB","","%Y-%m-%d %H:%M:%S","[]","note_header","False","True","","write","25","","","","","","","","","",""
"","","","","","","","","","","","","CZ","","%Y-%m-%d %H:%M:%S","[]","sale_warn","False","True","","write","26","","","","","","","","","",""
"","","","","","","","","","","","","DA","","%Y-%m-%d %H:%M:%S","[]","sale_warn_msg","False","True","","write","27","","","","","","","","","",""
"","","","","","","","","","","update","","C","","%Y-%m-%d %H:%M:%S","[]","reference","True","True","","write","0","True","True","True","False","0","res.partner","6","Client","4",""
"","","","","","","","","","","","","EA","","%Y-%m-%d %H:%M:%S","[]","third_party_accounting_code","False","True","","write","1","","","","","","","","","",""
"","","","","","","","","","","","","","","%Y-%m-%d %H:%M:%S","[[""code"",""="",""$EB""]]","property_account_receivable_id","False","True","account.account","domain","2","","","","","","","","","",""
"","","","","","","","","","","","","","","%Y-%m-%d %H:%M:%S","[[""name"",""="",""$EC""]]","accounting_manager_id","False","True","res.users","domain","3","","","","","","","","","",""
"","","","","","","","","","","","","ED","","%Y-%m-%d %H:%M:%S","[]","siret_number","False","True","","write","4","","","","","","","","","",""
"","","","","","","","","","","","","EE","","%Y-%m-%d %H:%M:%S","[]","eori_number","False","True","","write","5","","","","","","","","","",""
"","","","","","","","","","","","","EF","","%Y-%m-%d %H:%M:%S","[]","ape_number","False","True","","write","6","","","","","","","","","",""
"","","","","","","","","","","","","EG","","%Y-%m-%d %H:%M:%S","[]","lock_invoices","False","True","","write","7","","","","","","","","","",""
"","","","","","","","","","","","","EH","","%Y-%m-%d %H:%M:%S","[]","group_invoices","False","True","","write","8","","","","","","","","","",""
"","","","","","","","","","","","","EI","","%Y-%m-%d %H:%M:%S","[]","invoices_period","False","True","","write","9","","","","","","","","","",""
"","","","","","","","","","","","","","","%Y-%m-%d %H:%M:%S","[[""name"",""="",""$EJ""]]","invoice_send_address_id","False","True","address","domain","10","","","","","","","","","",""
"","","","","","","","","","","","","","","%Y-%m-%d %H:%M:%S","[[""name"",""="",""$EK""]]","invoicing_contact_ids","False","True","res.partner","domain","11","","","","","","","","","",""
"","","","","","","","","","","","","EL","","%Y-%m-%d %H:%M:%S","[]","accounting_communication_method","False","True","","write","12","","","","","","","","","",""
"","","","","","","","","","","","","EM","","%Y-%m-%d %H:%M:%S","[]","invoice_copy","False","True","","write","13","","","","","","","","","",""
"","","","","","","","","","","","","EN","","%Y-%m-%d %H:%M:%S","[]","type_sale_credit","False","True","","write","14","","","","","","","","","",""
"","","","","","","","","","","","","EO","","%Y-%m-%d %H:%M:%S","[]","sale_credit_requested","False","True","","write","15","","","","","","","","","",""
"","","","","","","","","","","","","EP","","%Y-%m-%d %H:%M:%S","[]","sale_credit_granted","False","True","","write","16","","","","","","","","","",""
"","","","","","","","","","","","","EQ","","%Y-%m-%d %H:%M:%S","[]","credit_limit","False","True","","write","17","","","","","","","","","",""
"","","","","","","","","","","","","ER","","%Y-%m-%d %H:%M:%S","[]","invoice_outstanding_manual","False","True","","write","18","","","","","","","","","",""
"","","","","","","","","","","","","ES","","%Y-%m-%d %H:%M:%S","[]","exceed_invoice_outstanding_manual","False","True","","write","19","","","","","","","","","",""
"","","","","","","","","","","","","","","%Y-%m-%d %H:%M:%S","[[""name"",""="",""$ET""]]","sale_organisme_id","False","True","partner.sale.organisme","domain","20","","","","","","","","","",""
"","","","","","","","","","","","","EU","","%Y-%m-%d %H:%M:%S","[]","sale_end_date","False","True","","write","21","","","","","","","","","",""
"","","","","","","","","","","","","EV","","%Y-%m-%d %H:%M:%S","[]","block_sale_credit","False","True","","write","22","","","","","","","","","",""
"","","","","","","","","","","","","EW","","%Y-%m-%d %H:%M:%S","[]","sale_invoice_note","False","True","","write","23","","","","","","","","","",""
"","","","","","","","","","","update","","C","","%Y-%m-%d %H:%M:%S","[]","reference","True","True","","write","0","True","True","True","False","0","res.partner","7","Client","4",""
"","","","","","","","","","","","","","","%Y-%m-%d %H:%M:%S","[[""name"",""="",""$FA""]]","transporter_sale_id","False","True","res.partner","domain","1","","","","","","","","","",""
"","","","","","","","","","","","","","","%Y-%m-%d %H:%M:%S","[[""name"",""="",""$FB""]]","purchase_delivery_contact_ids","False","True","res.partner","domain","2","","","","","","","","","",""
"","","","","","","","","","","","","","","%Y-%m-%d %H:%M:%S","[[""name"",""="",""$FC""]]","sale_incoterm_id","False","True","stock.incoterms","domain","3","","","","","","","","","",""
"","","","","","","","","","","","","FD","","%Y-%m-%d %H:%M:%S","[]","sale_invoice_postage","False","True","","write","4","","","","","","","","","",""
"","","","","","","","","","","","","FE","","%Y-%m-%d %H:%M:%S","[]","sale_threshold","False","True","","write","5","","","","","","","","","",""
"","","","","","","","","","","","","","","%Y-%m-%d %H:%M:%S","[[""name"",""="",""$FF""]]","sale_forwarding_agent_id","False","True","res.partner","domain","6","","","","","","","","","",""
"","","","","","","","","","","","","FG","","%Y-%m-%d %H:%M:%S","[]","sale_delivery_delay","False","True","","write","7","","","","","","","","","",""
"","","","","","","","","","","","","FI","","%Y-%m-%d %H:%M:%S","[]","communication_type","False","True","","write","8","","","","","","","","","",""
"","","","","","","","","","","","","FJ","","%Y-%m-%d %H:%M:%S","[]","note_delivery_order","False","True","","write","9","","","","","","","","","",""
"","","","","","","","","","","","","FK","","%Y-%m-%d %H:%M:%S","[]","note_preparation_voucher","False","True","","write","10","","","","","","","","","",""
"","","","","","","","","","","","","FL","","%Y-%m-%d %H:%M:%S","[]","note_carrier","False","True","","write","11","","","","","","","","","",""
"","","","","","","","","","","update","","C","","%Y-%m-%d %H:%M:%S","[]","reference","True","True","","write","0","True","True","True","False","0","res.partner","8","Client","4",""
"","","","","","","","","","","","","","","%Y-%m-%d %H:%M:%S","[[""name"",""="",""$GA""]]","customer_location_id","False","True","stock.location","domain","1","","","","","","","","","",""
"","","","","","","","","","","","","","","%Y-%m-%d %H:%M:%S","[[""name"",""="",""$GB""]]","supplier_location_id","False","True","stock.location","domain","2","","","","","","","","","",""
"","","","","","","","","","","","","","","%Y-%m-%d %H:%M:%S","[[""name"",""="",""$GC""]]","company_id","False","True","res.company","domain","3","","","","","","","","","",""
"","","","","","","","","","","","","GD","","%Y-%m-%d %H:%M:%S","[]","is_exported","False","True","","write","4","","","","","","","","","",""
"","","","","","","","","","","update","","","","%Y-%m-%d %H:%M:%S","[[""reference"",""="",""$A""]]","partner_id","False","True","res.partner","domain","0","True","True","True","False","0","res.partner.bank","9","Informations bancaires","3",""
"","","","","","","","","","","","","B","","%Y-%m-%d %H:%M:%S","[]","statement_type","False","True","","write","1","","","","","","","","","",""
"","","","","","","","","","","","","C","","%Y-%m-%d %H:%M:%S","[]","acc_number","False","True","","write","2","","","","","","","","","",""
"","","","","","","","","","","","","","","%Y-%m-%d %H:%M:%S","[[""name"",""="",""$D""]]","currency_id","False","True","res.currency","domain","3","","","","","","","","","",""
"","","","","","","","","","","","","","","%Y-%m-%d %H:%M:%S","[[""name"",""="",""$E""]]","bank_id","False","True","res.bank","domain","4","","","","","","","","","",""
"","","","","","","","","","","","","F","","%Y-%m-%d %H:%M:%S","[]","active","False","True","","write","5","","","","","","","","","",""
"","","","","","","","","","","update","","","","%Y-%m-%d %H:%M:%S","[[""reference"",""="",""$A""]]","partner_id","False","True","res.partner","domain","0","True","True","True","False","0","country.tva","10","Numéro de TVA","3",""
"","","","","","","","","","","","","B","","%Y-%m-%d %H:%M:%S","[]","name","False","True","","write","1","","","","","","","","","",""
"","","","","","","","","","","","","","","%Y-%m-%d %H:%M:%S","[[""name"",""="",""$C""]]","country_id","False","True","res.country","domain","2","","","","","","","","","",""
"","","","","","","","","","","update","","A","","%Y-%m-%d %H:%M:%S","[]","sequence","True","True","","write","1","True","True","True","False","14","res.partner.type","11","Type de partenaire","3",""
"","","","","","","","","","","","","B","","%Y-%m-%d %H:%M:%S","[]","partner_type","False","True","","write","2","","","","","","","","","",""
"","","","","","","","","","","","","","","%Y-%m-%d %H:%M:%S","[[""reference"",""="",""$C""]]","partner_type_id","False","True","res.partner","domain","3","","","","","","","","","",""
"","","","","","","","","","","","","","","%Y-%m-%d %H:%M:%S","[[""reference"",""="",""$D""]]","partner_id","True","True","res.partner","domain","4","","","","","","","","","",""
"","","True","False","MyFab - Fournisseur","0","","","","","update","","","1","%Y-%m-%d %H:%M:%S","[]","is_company","False","True","","constant_value","0","True","True","True","False","22","res.partner","1","Fournisseur","4",""
"","","","","","","","","","","","","B","","%Y-%m-%d %H:%M:%S","[]","name","False","True","","write","1","","","","","","","","","",""
"","","","","","","","","","","","","C","","%Y-%m-%d %H:%M:%S","[]","reference","True","True","","write","2","","","","","","","","","",""
"","","","","","","","","","","","","","","%Y-%m-%d %H:%M:%S","[[""name"",""="",""$E""]]","parent_company_id","False","True","res.partner","domain","3","","","","","","","","","",""
"","","","","","","","","","","","","","","%Y-%m-%d %H:%M:%S","[[""name"",""="",""$F""]]","calendar_id","False","True","calendar","domain","4","","","","","","","","","",""
"","","","","","","","","","","","","","","%Y-%m-%d %H:%M:%S","[[""name"",""="",""$G""]]","currency_id","False","True","res.currency","domain","5","","","","","","","","","",""
"","","","","","","","","","","","","","","%Y-%m-%d %H:%M:%S","[[""name"",""="",""$H""]]","category_ids","False","True","res.partner.category","domain","6","","","","","","","","","",""
"","","","","","","","","","","","","I","","%Y-%m-%d %H:%M:%S","[]","lang","False","True","","write","7","","","","","","","","","",""
"","","","","","","","","","","","","J","","%Y-%m-%d %H:%M:%S","[]","is_supplier","False","True","","write","8","","","","","","","","","",""
"","","","","","","","","","","","","K","","%Y-%m-%d %H:%M:%S","[]","is_transporter","False","True","","write","9","","","","","","","","","",""
"","","","","","","","","","","","","","","%Y-%m-%d %H:%M:%S","[[""name"",""="",""$D""]]","title_id","False","True","res.company.title","domain","10","","","","","","","","","",""
"","","","","","","","","","","","","M","","%Y-%m-%d %H:%M:%S","[]","is_other_third_party","False","True","","write","11","","","","","","","","","",""
"","","","","","","","","","","","","L","","%Y-%m-%d %H:%M:%S","[]","is_group","False","True","","write","12","","","","","","","","","",""
"","","","","","","","","","","update","","AA","","%Y-%m-%d %H:%M:%S","[]","street","False","True","","write","1","True","True","True","False","19","address","2","Fournisseur","4",""
"","","","","","","","","","","","","AB","","%Y-%m-%d %H:%M:%S","[]","street2","False","True","","write","2","","","","","","","","","",""
"","","","","","","","","","","","","AC","","%Y-%m-%d %H:%M:%S","[]","street3","False","True","","write","3","","","","","","","","","",""
"","","","","","","","","","","","","AD","","%Y-%m-%d %H:%M:%S","[]","zip","False","True","","write","4","","","","","","","","","",""
"","","","","","","","","","","","","AE","","%Y-%m-%d %H:%M:%S","[]","city","False","True","","write","5","","","","","","","","","",""
"","","","","","","","","","","","","","","%Y-%m-%d %H:%M:%S","[[""name"",""="",""$AF""]]","region_id","False","True","res.region","domain","6","","","","","","","","","",""
"","","","","","","","","","","","","","","%Y-%m-%d %H:%M:%S","[[""name"",""="",""$AG""]]","country_id","False","True","res.country","domain","7","","","","","","","","","",""
"","","","","","","","","","","","","AH","","%Y-%m-%d %H:%M:%S","[]","address_note","False","True","","write","8","","","","","","","","","",""
"","","","","","","","","","","","","B","","%Y-%m-%d %H:%M:%S","[]","name","True","True","","write","9","","","","","","","","","",""
"","","","","","","","","","","update","","C","","%Y-%m-%d %H:%M:%S","[]","reference","True","True","","write","0","True","True","True","False","16","res.partner","3","Fournisseur","4",""
"","","","","","","","","","","","","AI","","%Y-%m-%d %H:%M:%S","[]","corporate_name","False","True","","write","1","","","","","","","","","",""
"","","","","","","","","","","","","AJ","","%Y-%m-%d %H:%M:%S","[]","website","False","True","","write","2","","","","","","","","","",""
"","","","","","","","","","","","","AK","","%Y-%m-%d %H:%M:%S","[]","phone","False","True","","write","3","","","","","","","","","",""
"","","","","","","","","","","","","AL","","%Y-%m-%d %H:%M:%S","[]","mobile","False","True","","write","4","","","","","","","","","",""
"","","","","","","","","","","","","AM","","%Y-%m-%d %H:%M:%S","[]","email","False","True","","write","5","","","","","","","","","",""
"","","","","","","","","","","","","AN","","%Y-%m-%d %H:%M:%S","[]","fax","False","True","","write","6","","","","","","","","","",""
"","","","","","","","","","","update","","C","","%Y-%m-%d %H:%M:%S","[]","reference","True","True","","write","0","True","True","True","False","0","res.partner","4","Fournisseur","4",""
"","","","","","","","","","","","","BA","","%Y-%m-%d %H:%M:%S","[]","internal_note","False","True","","write","1","","","","","","","","","",""
"","","","","","","","","","","update","","C","","%Y-%m-%d %H:%M:%S","[]","reference","True","True","","write","0","True","True","True","False","0","res.partner","5","Fournisseur","4",""
"","","","","","","","","","","","","CA","","%Y-%m-%d %H:%M:%S","[]","is_seller","False","True","","write","1","","","","","","","","","",""
"","","","","","","","","","","","","CB","","%Y-%m-%d %H:%M:%S","[]","delivered_by","False","True","","write","2","","","","","","","","","",""
"","","","","","","","","","","","","CC","","%Y-%m-%d %H:%M:%S","[]","invoiced_by","False","True","","write","3","","","","","","","","","",""
"","","","","","","","","","","","","CD","","%Y-%m-%d %H:%M:%S","[]","paid_to","False","True","","write","4","","","","","","","","","",""
"","","","","","","","","","","","","","","%Y-%m-%d %H:%M:%S","[[""name"",""="",""$CE""]]","purchase_stat_family_id","False","True","partner.stat.family","domain","5","","","","","","","","","",""
"","","","","","","","","","","","","","","%Y-%m-%d %H:%M:%S","[[""name"",""="",""$CF""]]","purchaser_id","False","True","res.users","domain","6","","","","","","","","","",""
"","","","","","","","","","","","","CG","","%Y-%m-%d %H:%M:%S","[]","gei_code","False","True","","write","7","","","","","","","","","",""
"","","","","","","","","","","","","CH","","%Y-%m-%d %H:%M:%S","[]","num_with_supplier","False","True","","write","8","","","","","","","","","",""
"","","","","","","","","","","","","CI","","%Y-%m-%d %H:%M:%S","[]","purchase_price_compute_date","False","True","","write","9","","","","","","","","","",""
"","","","","","","","","","","","","CJ","","%Y-%m-%d %H:%M:%S","[]","partial_purchase_delivery","False","True","","write","10","","","","","","","","","",""
"","","","","","","","","","","","","CK","","%Y-%m-%d %H:%M:%S","[]","generate_purchase_rest","False","True","","write","11","","","","","","","","","",""
"","","","","","","","","","","","","","","%Y-%m-%d %H:%M:%S","[[""name"",""="",""$CL""]]","supplier_account_position_id","False","True","account.fiscal.position","domain","12","","","","","","","","","",""
"","","","","","","","","","","","","CM","","%Y-%m-%d %H:%M:%S","[]","average_time_supplier","False","True","","write","13","","","","","","","","","",""
"","","","","","","","","","","","","CN","","%Y-%m-%d %H:%M:%S","[]","purchase_receipt_demand","False","True","","write","14","","","","","","","","","",""
"","","","","","","","","","","","","CO","","%Y-%m-%d %H:%M:%S","[]","supplier_reminder","False","True","","write","15","","","","","","","","","",""
"","","","","","","","","","","","","","","%Y-%m-%d %H:%M:%S","[[""name"",""="",""$CQ""]]","purchase_contact_ids","False","True","res.partner","domain","16","","","","","","","","","",""
"","","","","","","","","","","","","CP","","%Y-%m-%d %H:%M:%S","[]","reminder_delay","False","True","","write","17","","","","","","","","","",""
"","","","","","","","","","","","","CR","","%Y-%m-%d %H:%M:%S","[]","purchase_communication_method","False","True","","write","18","","","","","","","","","",""
"","","","","","","","","","","","","CS","","%Y-%m-%d %H:%M:%S","[]","purchase_warn","False","True","","write","19","","","","","","","","","",""
"","","","","","","","","","","","","CT","","%Y-%m-%d %H:%M:%S","[]","purchase_warn_msg","False","True","","write","20","","","","","","","","","",""
"","","","","","","","","","","","","","","%Y-%m-%d %H:%M:%S","[[""name"",""="",""$CU""]]","property_supplier_payment_term_id","False","True","account.payment.term","domain","21","","","","","","","","","",""
"","","","","","","","","","","","","","","%Y-%m-%d %H:%M:%S","[[""name"",""="",""$CV""]]","purchase_payment_method_id","False","True","payment.method","domain","22","","","","","","","","","",""
"","","","","","","","","","","","","","","%Y-%m-%d %H:%M:%S","[[""name"",""="",""$CW""]]","purchase_invoicing_method_id","False","True","account.invoicing.method","domain","23","","","","","","","","","",""
"","","","","","","","","","","","","CX","","%Y-%m-%d %H:%M:%S","[]","purchase_discount_management","False","True","","write","24","","","","","","","","","",""
"","","","","","","","","","","","","CY","","%Y-%m-%d %H:%M:%S","[]","purchase_max_delay","False","True","","write","25","","","","","","","","","",""
"","","","","","","","","","","","","CZ","","%Y-%m-%d %H:%M:%S","[]","purchase_discount_value","False","True","","write","26","","","","","","","","","",""
"","","","","","","","","","","","","DA","","%Y-%m-%d %H:%M:%S","[]","note_purchase_header","False","True","","write","27","","","","","","","","","",""
"","","","","","","","","","","update","","C","","%Y-%m-%d %H:%M:%S","[]","reference","True","True","","write","0","True","True","True","False","0","res.partner","6","Fournisseur","4",""
"","","","","","","","","","","","","EA","","%Y-%m-%d %H:%M:%S","[]","third_party_accounting_code","False","True","","write","1","","","","","","","","","",""
"","","","","","","","","","","","","","","%Y-%m-%d %H:%M:%S","[[""code"",""="",""$EB""]]","property_account_payable_id","False","True","account.account","domain","2","","","","","","","","","",""
"","","","","","","","","","","","","","","%Y-%m-%d %H:%M:%S","[[""name"",""="",""$EC""]]","accounting_manager_id","False","True","res.users","domain","3","","","","","","","","","",""
"","","","","","","","","","","","","ED","","%Y-%m-%d %H:%M:%S","[]","siret_number","False","True","","write","4","","","","","","","","","",""
"","","","","","","","","","","","","EE","","%Y-%m-%d %H:%M:%S","[]","eori_number","False","True","","write","5","","","","","","","","","",""
"","","","","","","","","","","","","EF","","%Y-%m-%d %H:%M:%S","[]","ape_number","False","True","","write","6","","","","","","","","","",""
"","","","","","","","","","","","","EG","","%Y-%m-%d %H:%M:%S","[]","lock_invoices","False","True","","write","7","","","","","","","","","",""
"","","","","","","","","","","","","EH","","%Y-%m-%d %H:%M:%S","[]","group_invoices","False","True","","write","8","","","","","","","","","",""
"","","","","","","","","","","","","EI","","%Y-%m-%d %H:%M:%S","[]","invoices_period","False","True","","write","9","","","","","","","","","",""
"","","","","","","","","","","","","","","%Y-%m-%d %H:%M:%S","[[""name"",""="",""$EJ""]]","invoice_send_address_id","False","True","address","domain","10","","","","","","","","","",""
"","","","","","","","","","","","","","","%Y-%m-%d %H:%M:%S","[[""name"",""="",""$EK""]]","invoicing_contact_ids","False","True","res.partner","domain","11","","","","","","","","","",""
"","","","","","","","","","","","","EL","","%Y-%m-%d %H:%M:%S","[]","accounting_communication_method","False","True","","write","12","","","","","","","","","",""
"","","","","","","","","","","","","EM","","%Y-%m-%d %H:%M:%S","[]","invoice_copy","False","True","","write","13","","","","","","","","","",""
"","","","","","","","","","","","","EN","","%Y-%m-%d %H:%M:%S","[]","type_sale_credit","False","True","","write","14","","","","","","","","","",""
"","","","","","","","","","","","","EO","","%Y-%m-%d %H:%M:%S","[]","sale_credit_requested","False","True","","write","15","","","","","","","","","",""
"","","","","","","","","","","","","EP","","%Y-%m-%d %H:%M:%S","[]","sale_credit_granted","False","True","","write","16","","","","","","","","","",""
"","","","","","","","","","","","","EQ","","%Y-%m-%d %H:%M:%S","[]","credit_limit","False","True","","write","17","","","","","","","","","",""
"","","","","","","","","","","","","ER","","%Y-%m-%d %H:%M:%S","[]","invoice_outstanding_manual","False","True","","write","18","","","","","","","","","",""
"","","","","","","","","","","","","ES","","%Y-%m-%d %H:%M:%S","[]","exceed_invoice_outstanding_manual","False","True","","write","19","","","","","","","","","",""
"","","","","","","","","","","","","","","%Y-%m-%d %H:%M:%S","[[""name"",""="",""$ET""]]","sale_organisme_id","False","True","partner.sale.organisme","domain","20","","","","","","","","","",""
"","","","","","","","","","","","","EU","","%Y-%m-%d %H:%M:%S","[]","sale_end_date","False","True","","write","21","","","","","","","","","",""
"","","","","","","","","","","","","EV","","%Y-%m-%d %H:%M:%S","[]","block_sale_credit","False","True","","write","22","","","","","","","","","",""
"","","","","","","","","","","","","EW","","%Y-%m-%d %H:%M:%S","[]","sale_invoice_note","False","True","","write","23","","","","","","","","","",""
"","","","","","","","","","","update","","C","","%Y-%m-%d %H:%M:%S","[]","reference","True","True","","write","0","True","True","True","False","0","res.partner","7","Fournisseur","4",""
"","","","","","","","","","","","","","","%Y-%m-%d %H:%M:%S","[[""name"",""="",""$FA""]]","transporter_purchase_id","False","True","res.partner","domain","1","","","","","","","","","",""
"","","","","","","","","","","","","","","%Y-%m-%d %H:%M:%S","[[""name"",""="",""$FB""]]","purchase_delivery_contact_ids","False","True","res.partner","domain","2","","","","","","","","","",""
"","","","","","","","","","","","","","","%Y-%m-%d %H:%M:%S","[[""name"",""="",""$FC""]]","purchase_incoterm_id","False","True","stock.incoterms","domain","3","","","","","","","","","",""
"","","","","","","","","","","","","FD","","%Y-%m-%d %H:%M:%S","[]","purchase_invoice_postage","False","True","","write","4","","","","","","","","","",""
"","","","","","","","","","","","","FE","","%Y-%m-%d %H:%M:%S","[]","purchase_threshold","False","True","","write","5","","","","","","","","","",""
"","","","","","","","","","","","","","","%Y-%m-%d %H:%M:%S","[[""name"",""="",""$FF""]]","purchase_forwarding_agent_id","False","True","res.partner","domain","6","","","","","","","","","",""
"","","","","","","","","","","","","FG","","%Y-%m-%d %H:%M:%S","[]","purchase_delivery_delay","False","True","","write","7","","","","","","","","","",""
"","","","","","","","","","","","","FH","","%Y-%m-%d %H:%M:%S","[]","note_receipt_order","False","True","","write","8","","","","","","","","","",""
"","","","","","","","","","","update","","C","","%Y-%m-%d %H:%M:%S","[]","reference","True","True","","write","0","True","True","True","False","0","res.partner","8","Fournisseur","4",""
"","","","","","","","","","","","","","","%Y-%m-%d %H:%M:%S","[[""name"",""="",""$GA""]]","customer_location_id","False","True","stock.location","domain","1","","","","","","","","","",""
"","","","","","","","","","","","","","","%Y-%m-%d %H:%M:%S","[[""name"",""="",""$GB""]]","supplier_location_id","False","True","stock.location","domain","2","","","","","","","","","",""
"","","","","","","","","","","","","","","%Y-%m-%d %H:%M:%S","[[""name"",""="",""$GC""]]","company_id","False","True","res.company","domain","3","","","","","","","","","",""
"","","","","","","","","","","","","GD","","%Y-%m-%d %H:%M:%S","[]","is_exported","False","True","","write","4","","","","","","","","","",""
"","","","","","","","","","","update","","","","%Y-%m-%d %H:%M:%S","[[""reference"",""="",""$A""]]","partner_id","False","True","res.partner","domain","0","True","True","True","False","0","res.partner.bank","9","Informations bancaires","3",""
"","","","","","","","","","","","","B","","%Y-%m-%d %H:%M:%S","[]","statement_type","False","True","","write","1","","","","","","","","","",""
"","","","","","","","","","","","","C","","%Y-%m-%d %H:%M:%S","[]","acc_number","False","True","","write","2","","","","","","","","","",""
"","","","","","","","","","","","","","","%Y-%m-%d %H:%M:%S","[[""name"",""="",""$D""]]","currency_id","False","True","res.currency","domain","3","","","","","","","","","",""
"","","","","","","","","","","","","","","%Y-%m-%d %H:%M:%S","[[""name"",""="",""$E""]]","bank_id","False","True","res.bank","domain","4","","","","","","","","","",""
"","","","","","","","","","","","","F","","%Y-%m-%d %H:%M:%S","[]","active","False","True","","write","5","","","","","","","","","",""
"","","","","","","","","","","update","","","","%Y-%m-%d %H:%M:%S","[[""reference"",""="",""$A""]]","partner_id","False","True","res.partner","domain","0","True","True","True","False","0","country.tva","10","Numéro de TVA","3",""
"","","","","","","","","","","","","B","","%Y-%m-%d %H:%M:%S","[]","name","False","True","","write","1","","","","","","","","","",""
"","","","","","","","","","","","","","","%Y-%m-%d %H:%M:%S","[[""name"",""="",""$C""]]","country_id","False","True","res.country","domain","2","","","","","","","","","",""
"","","","","","","","","","","update","","A","","%Y-%m-%d %H:%M:%S","[]","sequence","True","True","","write","1","True","True","True","False","14","res.partner.purchase.type","11","Type de partenaire","3",""
"","","","","","","","","","","","","B","","%Y-%m-%d %H:%M:%S","[]","partner_type","False","True","","write","2","","","","","","","","","",""
"","","","","","","","","","","","","","","%Y-%m-%d %H:%M:%S","[[""reference"",""="",""$C""]]","partner_type_id","False","True","res.partner","domain","3","","","","","","","","","",""
"","","","","","","","","","","","","","","%Y-%m-%d %H:%M:%S","[[""reference"",""="",""$D""]]","partner_id","True","True","res.partner","domain","4","","","","","","","","","",""
"","","True","False","MyFab - Catégories de produits","0","","","","","update","","A","","%Y-%m-%d %H:%M:%S","[]","name","True","True","","write","0","True","True","True","False","0","product.category","0","Catégories de produits","3",""
"","","","","","","","","","","","","","","%Y-%m-%d %H:%M:%S","[[""name"",""="",""$B""]]","parent_id","False","True","product.category","domain","1","","","","","","","","","",""
"","","","","","","","","","","","","C","","%Y-%m-%d %H:%M:%S","[]","type","False","True","","write","2","","","","","","","","","",""
"","","","","","","","","","","","","D","","%Y-%m-%d %H:%M:%S","[]","active","False","True","","write","3","","","","","","","","","",""
"","","","","","","","","","","","","","","%Y-%m-%d %H:%M:%S","[[""name"",""="",""$E""]]","uom_id","False","True","product.uom","domain","4","","","","","","","","","",""
"","","","","","","","","","","","","F","","%Y-%m-%d %H:%M:%S","[]","product_type","False","True","","write","5","","","","","","","","","",""
"","","","","","","","","","","","","","","%Y-%m-%d %H:%M:%S","[[""code"",""="",""$G""]]","property_account_income_categ_id","False","True","account.account","domain","6","","","","","","","","","",""
"","","","","","","","","","","","","","","%Y-%m-%d %H:%M:%S","[[""code"",""="",""$H""]]","property_account_expense_categ_id","False","True","account.account","domain","7","","","","","","","","","",""
"","","","","","","","","","","","","","","%Y-%m-%d %H:%M:%S","[[""description"",""="",""$I""]]","sale_taxes_ids","False","True","account.tax","domain","8","","","","","","","","","",""
"","","","","","","","","","","","","","","%Y-%m-%d %H:%M:%S","[[""description"",""="",""$J""]]","purchase_taxes_ids","False","True","account.tax","domain","9","","","","","","","","","",""
"","","","","","","","","","","","","K","","%Y-%m-%d %H:%M:%S","[]","supply_method","False","True","","write","10","","","","","","","","","",""
"","","","","","","","","","","","","L","","%Y-%m-%d %H:%M:%S","[]","sale_ok","False","True","","write","11","","","","","","","","","",""
"","","","","","","","","","","","","M","","%Y-%m-%d %H:%M:%S","[]","purchase_ok","False","True","","write","12","","","","","","","","","",""
"","","","","","","","","","","","","N","","%Y-%m-%d %H:%M:%S","[]","produce_ok","False","True","","write","13","","","","","","","","","",""
"","","","","","","","","","","","","O","","%Y-%m-%d %H:%M:%S","[]","trigger_supply","False","True","","write","14","","","","","","","","","",""
"","","","","","","","","","","","","P","","%Y-%m-%d %H:%M:%S","[]","delay_confirm","False","True","","write","15","","","","","","","","","",""
"","","","","","","","","","","","","Q","","%Y-%m-%d %H:%M:%S","[]","low_procurement","False","True","","write","16","","","","","","","","","",""
"","","","","","","","","","","","","R","","%Y-%m-%d %H:%M:%S","[]","exclude_of_mrp","False","True","","write","17","","","","","","","","","",""
"","","","","","","","","","","","","S","","%Y-%m-%d %H:%M:%S","[]","is_always_available","False","True","","write","18","","","","","","","","","",""
"","","","","","","","","","","","","T","","%Y-%m-%d %H:%M:%S","[]","inventory_valuation","False","True","","write","19","","","","","","","","","",""
"","","","","","","","","","","","","U","","%Y-%m-%d %H:%M:%S","[]","type_valuation_purchase","False","True","","write","20","","","","","","","","","",""
"","","","","","","","","","","","","V","","%Y-%m-%d %H:%M:%S","[]","type_valuation_production","False","True","","write","21","","","","","","","","","",""
"","","","","","","","","","","","","W","","%Y-%m-%d %H:%M:%S","[]","eig_code","False","True","","write","22","","","","","","","","","",""
"","","","","","","","","","","","","","","%Y-%m-%d %H:%M:%S","[[""name"",""="",""$X""]]","purchase_responsible_id","False","True","res.users","domain","23","","","","","","","","","",""
"","","","","","","","","","","","","","","%Y-%m-%d %H:%M:%S","[[""name"",""="",""$Y""]]","purchase_family_id","False","True","purchase.family","domain","24","","","","","","","","","",""
"","","","","","","","","","","","","Z","","%Y-%m-%d %H:%M:%S","[]","purchase_remainder_percentage","False","True","","write","25","","","","","","","","","",""
"","","","","","","","","","","","","AA","","%Y-%m-%d %H:%M:%S","[]","free_purchase","False","True","","write","26","","","","","","","","","",""
"","","","","","","","","","","","","AB","","%Y-%m-%d %H:%M:%S","[]","eoq","False","True","","write","27","","","","","","","","","",""
"","","","","","","","","","","","","AC","","%Y-%m-%d %H:%M:%S","[]","cost_method","False","True","","write","28","","","","","","","","","",""
"","","","","","","","","","","","","","","%Y-%m-%d %H:%M:%S","[[""name"",""="",""$AE""]]","uop_id","False","True","product.uom","domain","29","","","","","","","","","",""
"","","","","","","","","","","","","","","%Y-%m-%d %H:%M:%S","[[""name"",""="",""$AF""]]","purchase_uoi_id","False","True","product.uom","domain","30","","","","","","","","","",""
"","","","","","","","","","","","","AG","","%Y-%m-%d %H:%M:%S","[]","purchase_multiple_qty","False","True","","write","31","","","","","","","","","",""
"","","","","","","","","","","","","AH","","%Y-%m-%d %H:%M:%S","[]","purchase_min_qty","False","True","","write","32","","","","","","","","","",""
"","","","","","","","","","","","","","","%Y-%m-%d %H:%M:%S","[[""name"",""="",""$AI""]]","purchase_packaging_id","False","True","product.packaging","domain","33","","","","","","","","","",""
"","","","","","","","","","","","","AJ","","%Y-%m-%d %H:%M:%S","[]","free_supply_delay","False","True","","write","34","","","","","","","","","",""
"","","","","","","","","","","","","","","%Y-%m-%d %H:%M:%S","[[""name"",""="",""$AK""]]","sale_responsible_id","False","True","res.users","domain","35","","","","","","","","","",""
"","","","","","","","","","","","","","","%Y-%m-%d %H:%M:%S","[[""name"",""="",""$AL""]]","sale_family_id","False","True","sale.family","domain","36","","","","","","","","","",""
"","","","","","","","","","","","","","","%Y-%m-%d %H:%M:%S","[[""name"",""="",""$AM""]]","sale_stat_family_id","False","True","sale.stat.family","domain","37","","","","","","","","","",""
"","","","","","","","","","","","","AN","","%Y-%m-%d %H:%M:%S","[]","sale_remainder_percentage","False","True","","write","38","","","","","","","","","",""
"","","","","","","","","","","","","AO","","%Y-%m-%d %H:%M:%S","[]","free_sale","False","True","","write","39","","","","","","","","","",""
"","","","","","","","","","","","","","","%Y-%m-%d %H:%M:%S","[[""name"",""="",""$AQ""]]","uos_id","False","True","product.uom","domain","40","","","","","","","","","",""
"","","","","","","","","","","","","","","%Y-%m-%d %H:%M:%S","[[""name"",""="",""$AR""]]","sale_uoi_id","False","True","product.uom","domain","41","","","","","","","","","",""
"","","","","","","","","","","","","AS","","%Y-%m-%d %H:%M:%S","[]","sale_multiple_qty","False","True","","write","42","","","","","","","","","",""
"","","","","","","","","","","","","AT","","%Y-%m-%d %H:%M:%S","[]","sale_min_qty","False","True","","write","43","","","","","","","","","",""
"","","","","","","","","","","","","","","%Y-%m-%d %H:%M:%S","[[""name"",""="",""$AU""]]","sale_packaging_id","False","True","product.packaging","domain","44","","","","","","","","","",""
"","","","","","","","","","","","","AV","","%Y-%m-%d %H:%M:%S","[]","free_delivery_delay","False","True","","write","45","","","","","","","","","",""
"","","","","","","","","","","","","","","%Y-%m-%d %H:%M:%S","[[""name"",""="",""$AY""]]","production_manager_id","False","True","res.users","domain","46","","","","","","","","","",""
"","","","","","","","","","","","","","","%Y-%m-%d %H:%M:%S","[[""name"",""="",""$AZ""]]","planning_manager_id","False","True","res.users","domain","47","","","","","","","","","",""
"","","","","","","","","","","","","","","%Y-%m-%d %H:%M:%S","[[""name"",""="",""$BA""]]","prod_family_id","False","True","production.family","domain","48","","","","","","","","","",""
"","","","","","","","","","","","","BD","","%Y-%m-%d %H:%M:%S","[]","production_delay","False","True","","write","49","","","","","","","","","",""
"","","","","","","","","","","","","BE","","%Y-%m-%d %H:%M:%S","[]","production_min_qty","False","True","","write","50","","","","","","","","","",""
"","","","","","","","","","","","","BF","","%Y-%m-%d %H:%M:%S","[]","production_multiple_qty","False","True","","write","51","","","","","","","","","",""
"","","True","False","MyFab - Plan comptable","0","","","","","update","","A","","%Y-%m-%d %H:%M:%S","[]","code","True","True","","write","0","True","True","True","False","25","account.account","0","Plan comptable","3",""
"","","","","","","","","","","","","B","","%Y-%m-%d %H:%M:%S","[]","name","False","True","","write","1","","","","","","","","","",""
"","","","","","","","","","","","","","","%Y-%m-%d %H:%M:%S","[[""code"",""="",""$C""]]","parent_id","False","True","account.account","domain","2","","","","","","","","","",""
"","","","","","","","","","","","","D","","%Y-%m-%d %H:%M:%S","[]","type","False","True","","write","3","","","","","","","","","",""
"","","","","","","","","","","","","E","","%Y-%m-%d %H:%M:%S","[]","close_method","False","True","","write","4","","","","","","","","","",""
"","","","","","","","","","","","","F","","%Y-%m-%d %H:%M:%S","[]","reconcile","False","True","","write","5","","","","","","","","","",""
"","","","","","","","","","","","","","","%Y-%m-%d %H:%M:%S","[[""name"",""="",""$G""]]","debit_account_type_id","False","True","account.account.type","domain","6","","","","","","","","","",""
"","","","","","","","","","","","","","","%Y-%m-%d %H:%M:%S","[[""description"",""="",""$H""]]","tax_ids","False","True","account.tax","domain","7","","","","","","","","","",""
"","","","","","","","","","","","","","","%Y-%m-%d %H:%M:%S","[[""name"",""="",""$I""]]","currency_id","False","True","res.currency","domain","8","","","","","","","","","",""
"","","","","","","","","","","","","J","","%Y-%m-%d %H:%M:%S","[]","tax_on_payment","False","True","","write","9","","","","","","","","","",""
"","","","","","","","","","","","","K","","%Y-%m-%d %H:%M:%S","[]","active","False","True","","write","10","","","","","","","","","",""
"","","","","","","","","","","","","L","","%Y-%m-%d %H:%M:%S","[]","debit","False","True","","write","11","","","","","","","","","",""
"","","","","","","","","","","","","M","","%Y-%m-%d %H:%M:%S","[]","credit","False","True","","write","12","","","","","","","","","",""
"","","","","","","","","","","","","","","%Y-%m-%d %H:%M:%S","[[""name"",""="",""$N""]]","credit_account_type_id","False","True","account.account.type","domain","13","","","","","","","","","",""
"","","","","","","","","","","","","","","%Y-%m-%d %H:%M:%S","[[""code"",""="",""$O""]]","account_payment_id","False","True","account.account","domain","14","","","","","","","","","",""
"","","","","","","","","","","","","P","","%Y-%m-%d %H:%M:%S","[]","note","False","True","","write","15","","","","","","","","","",""
"","","True","False","MyFab - Référencement client","0","","","","","update","","","","%Y-%m-%d %H:%M:%S","[[""code"",""="",""$A""]]","product_id","True","True","product.product","domain","0","True","True","True","False","0","product.customerinfo","0","Référencement client","4",""
"","","","","","","","","","","","","","","%Y-%m-%d %H:%M:%S","[[""reference"",""="",""$B""]]","partner_id","True","True","res.partner","domain","1","","","","","","","","","",""
"","","","","","","","","","","","","","","%Y-%m-%d %H:%M:%S","[[""name"",""="",""$C""]]","property_ids","False","True","purchase.property","domain","2","","","","","","","","","",""
"","","","","","","","","","","","","","","%Y-%m-%d %H:%M:%S","[[""name"",""="",""$D""]]","currency_id","False","True","res.currency","domain","3","","","","","","","","","",""
"","","","","","","","","","","","","","","%Y-%m-%d %H:%M:%S","[[""name"",""="",""$E""]]","company_id","False","True","res.company","domain","4","","","","","","","","","",""
"","","","","","","","","","","","","F","","%Y-%m-%d %H:%M:%S","[]","cust_product_code","False","True","","write","5","","","","","","","","","",""
"","","","","","","","","","","","","G","","%Y-%m-%d %H:%M:%S","[]","cust_product_name","False","True","","write","6","","","","","","","","","",""
"","","","","","","","","","","","","","","%Y-%m-%d %H:%M:%S","[[""name"",""="",""$H""]]","packaging_id","False","True","product.packaging","domain","7","","","","","","","","","",""
"","","","","","","","","","","","","","","%Y-%m-%d %H:%M:%S","[[""name"",""="",""$I""]]","uos_id","False","True","product.uom","domain","8","","","","","","","","","",""
"","","","","","","","","","","","","","","%Y-%m-%d %H:%M:%S","[[""name"",""="",""$J""]]","uoi_id","False","True","product.uom","domain","9","","","","","","","","","",""
"","","","","","","","","","","","","K","","%Y-%m-%d %H:%M:%S","[]","multiple_qty","False","True","","write","10","","","","","","","","","",""
"","","","","","","","","","","","","L","","%Y-%m-%d %H:%M:%S","[]","min_qty","False","True","","write","11","","","","","","","","","",""
"","","","","","","","","","","","","M","","%Y-%m-%d %H:%M:%S","[]","delivery_delay","False","True","","write","12","","","","","","","","","",""
"","","","","","","","","","","","","N","","%Y-%m-%d %H:%M:%S","[]","x_cleimport","False","True","","write","13","","","","","","","","","",""
"","","","","","","","","","","update","","","","%Y-%m-%d %H:%M:%S","[[""code"",""="",""$A""]]","product_id","True","True","product.product","domain","0","True","True","True","False","0","product.customerinfo","1","Référencement client","4",""
"","","","","","","","","","","","","","","%Y-%m-%d %H:%M:%S","[[""reference"",""="",""$B""]]","partner_id","True","True","res.partner","domain","1","","","","","","","","","",""
"","","","","","","","","","","","","AA","","%Y-%m-%d %H:%M:%S","[]","sale_note","False","True","","write","2","","","","","","","","","",""
"","","","","","","","","","","","","AB","","%Y-%m-%d %H:%M:%S","[]","internal_note","False","True","","write","3","","","","","","","","","",""
"","","","","","","","","","","","","AC","","%Y-%m-%d %H:%M:%S","[]","warn","False","True","","write","4","","","","","","","","","",""
"","","","","","","","","","","","","AD","","%Y-%m-%d %H:%M:%S","[]","warn_msg","False","True","","write","5","","","","","","","","","",""
"","","","","","","","","","","update","","","","%Y-%m-%d %H:%M:%S","[[""x_cleimport"",""="",""$A""]]","cinfo_id","True","True","product.customerinfo","domain","0","True","True","True","False","0","pricelist.customerinfo","2","Liste de prix","3",""
"","","","","","","","","","","","","B","","%Y-%m-%d %H:%M:%S","[]","date_start","False","True","","write","1","","","","","","","","","",""
"","","","","","","","","","","","","C","","%Y-%m-%d %H:%M:%S","[]","date_stop","False","True","","write","2","","","","","","","","","",""
"","","","","","","","","","","","","D","","%Y-%m-%d %H:%M:%S","[]","min_qty","True","True","","write","3","","","","","","","","","",""
"","","","","","","","","","","","","E","","%Y-%m-%d %H:%M:%S","[]","price","False","True","","write","4","","","","","","","","","",""
"","","True","False","MyFab - Référencement fournisseur","0","","","","","update","","","","%Y-%m-%d %H:%M:%S","[[""code"",""="",""$A""]]","product_id","True","True","product.product","domain","0","True","True","True","False","0","product.supplierinfo","0","Référencement fournisseur","4",""
"","","","","","","","","","","","","","","%Y-%m-%d %H:%M:%S","[[""reference"",""="",""$B""]]","partner_id","True","True","res.partner","domain","1","","","","","","","","","",""
"","","","","","","","","","","","","","","%Y-%m-%d %H:%M:%S","[[""name"",""="",""$C""]]","property_ids","False","True","purchase.property","domain","2","","","","","","","","","",""
"","","","","","","","","","","","","","","%Y-%m-%d %H:%M:%S","[[""reference"",""="",""$D""]]","imposed_by_id","False","True","res.partner","domain","3","","","","","","","","","",""
"","","","","","","","","","","","","","","%Y-%m-%d %H:%M:%S","[[""name"",""="",""$E""]]","currency_id","False","True","res.currency","domain","4","","","","","","","","","",""
"","","","","","","","","","","","","","","%Y-%m-%d %H:%M:%S","[[""name"",""="",""$F""]]","company_id","False","True","res.company","domain","5","","","","","","","","","",""
"","","","","","","","","","","","","G","","%Y-%m-%d %H:%M:%S","[]","supp_product_code","False","True","","write","6","","","","","","","","","",""
"","","","","","","","","","","","","H","","%Y-%m-%d %H:%M:%S","[]","supp_product_name","False","True","","write","7","","","","","","","","","",""
"","","","","","","","","","","","","","","%Y-%m-%d %H:%M:%S","[[""name"",""="",""$I""]]","packaging_id","False","True","product.packaging","domain","8","","","","","","","","","",""
"","","","","","","","","","","","","","","%Y-%m-%d %H:%M:%S","[[""name"",""="",""$J""]]","uop_id","False","True","product.uom","domain","9","","","","","","","","","",""
"","","","","","","","","","","","","","","%Y-%m-%d %H:%M:%S","[[""name"",""="",""$K""]]","uoi_id","False","True","product.uom","domain","10","","","","","","","","","",""
"","","","","","","","","","","","","L","","%Y-%m-%d %H:%M:%S","[]","multiple_qty","False","True","","write","11","","","","","","","","","",""
"","","","","","","","","","","","","M","","%Y-%m-%d %H:%M:%S","[]","min_qty","False","True","","write","12","","","","","","","","","",""
"","","","","","","","","","","","","N","","%Y-%m-%d %H:%M:%S","[]","delivery_delay","False","True","","write","13","","","","","","","","","",""
"","","","","","","","","","","","","O","","%Y-%m-%d %H:%M:%S","[]","customs_duties","False","True","","write","14","","","","","","","","","",""
"","","","","","","","","","","","","P","","%Y-%m-%d %H:%M:%S","[]","other_expenses","False","True","","write","15","","","","","","","","","",""
"","","","","","","","","","","","","Q","","%Y-%m-%d %H:%M:%S","[]","x_cleimport","False","True","","write","16","","","","","","","","","",""
"","","","","","","","","","","update","","","","%Y-%m-%d %H:%M:%S","[[""code"",""="",""$A""]]","product_id","True","True","product.product","domain","0","True","True","True","False","0","product.supplierinfo","1","Référencement fournisseur","4",""
"","","","","","","","","","","","","","","%Y-%m-%d %H:%M:%S","[[""reference"",""="",""$B""]]","partner_id","True","True","res.partner","domain","1","","","","","","","","","",""
"","","","","","","","","","","","","AA","","%Y-%m-%d %H:%M:%S","[]","purchase_note","False","True","","write","2","","","","","","","","","",""
"","","","","","","","","","","","","AB","","%Y-%m-%d %H:%M:%S","[]","internal_note","False","True","","write","3","","","","","","","","","",""
"","","","","","","","","","","update","","","","%Y-%m-%d %H:%M:%S","[[""x_cleimport"",""="",""$A""]]","sinfo_id","True","True","product.supplierinfo","domain","0","True","True","True","False","0","pricelist.supplierinfo","2","Liste de prix","3",""
"","","","","","","","","","","","","B","","%Y-%m-%d %H:%M:%S","[]","date_start","False","True","","write","1","","","","","","","","","",""
"","","","","","","","","","","","","C","","%Y-%m-%d %H:%M:%S","[]","date_stop","False","True","","write","2","","","","","","","","","",""
"","","","","","","","","","","","","D","","%Y-%m-%d %H:%M:%S","[]","min_qty","True","True","","write","3","","","","","","","","","",""
"","","","","","","","","","","","","E","","%Y-%m-%d %H:%M:%S","[]","price","False","True","","write","4","","","","","","","","","",""
"","","True","False","MyFab - Nomenclature","0","","","","","update","","","","%Y-%m-%d %H:%M:%S","[[""code"",""="",""$A""]]","product_id","False","True","product.product","domain","0","True","True","True","False","0","mrp.bom","0","Nomenclature","4",""
"","","","","","","","","","","","","C","","%Y-%m-%d %H:%M:%S","[]","type","False","True","","write","1","","","","","","","","","",""
"","","","","","","","","","","","","D","","%Y-%m-%d %H:%M:%S","[]","quantity","False","True","","write","2","","","","","","","","","",""
"","","","","","","","","","","","","","","%Y-%m-%d %H:%M:%S","[[""name"",""="",""$E""]]","uom_id","False","True","product.uom","domain","3","","","","","","","","","",""
"","","","","","","","","","","","","F","","%Y-%m-%d %H:%M:%S","[]","start_date","False","True","","write","4","","","","","","","","","",""
"","","","","","","","","","","","","G","","%Y-%m-%d %H:%M:%S","[]","stop_date","False","True","","write","5","","","","","","","","","",""
"","","","","","","","","","","","","H","","%Y-%m-%d %H:%M:%S","[]","active","False","True","","write","6","","","","","","","","","",""
"","","","","","","","","","","","","","","%Y-%m-%d %H:%M:%S","[[""name"",""="",""$AA""]]","routing_ids","False","True","mrp.routing","domain","7","","","","","","","","","",""
"","","","","","","","","","","","","B","","%Y-%m-%d %H:%M:%S","[]","name","True","True","","write","100","","","","","","","","","",""
"","","True","False","MyFab - Lignes de nomenclature","0","","","","","update","","","","%Y-%m-%d %H:%M:%S","[[""name"",""="",""$A""]]","bom_id","True","True","mrp.bom","domain","0","True","True","True","False","0","mrp.bom","0","Lignes de nomenclature","3",""
"","","","","","","","","","","","","","","%Y-%m-%d %H:%M:%S","[[""code"",""="",""$B""]]","product_id","True","True","product.product","domain","1","","","","","","","","","",""
"","","","","","","","","","","","","C","","%Y-%m-%d %H:%M:%S","[]","quantity","False","True","","write","2","","","","","","","","","",""
"","","","","","","","","","","","","D","","%Y-%m-%d %H:%M:%S","[]","round","False","True","","write","3","","","","","","","","","",""
"","","","","","","","","","","","","E","","%Y-%m-%d %H:%M:%S","[]","efficiency","False","True","","write","4","","","","","","","","","",""
"","","","","","","","","","","","","F","","%Y-%m-%d %H:%M:%S","[]","type_component","False","True","","write","5","","","","","","","","","",""
"","","","","","","","","","","","","G","","%Y-%m-%d %H:%M:%S","[]","price_unit","False","True","","write","6","","","","","","","","","",""
"","","True","False","MyFab - Gamme","0","","","","","update","","A","","%Y-%m-%d %H:%M:%S","[]","name","True","True","","write","0","True","True","True","False","0","mrp.routing","0","Gamme","3",""
"","","","","","","","","","","","","B","","%Y-%m-%d %H:%M:%S","[]","reference","False","True","","write","1","","","","","","","","","",""
"","","","","","","","","","","","","C","","%Y-%m-%d %H:%M:%S","[]","is_model","False","True","","write","2","","","","","","","","","",""
"","","","","","","","","","","","","","","%Y-%m-%d %H:%M:%S","[[""name"",""="",""$D""]]","template_id","False","True","mrp.routing","domain","3","","","","","","","","","",""
"","","","","","","","","","","","","E","","%Y-%m-%d %H:%M:%S","[]","start_date","False","True","","write","4","","","","","","","","","",""
"","","","","","","","","","","","","F","","%Y-%m-%d %H:%M:%S","[]","stop_date","False","True","","write","5","","","","","","","","","",""
"","","","","","","","","","","","","G","","%Y-%m-%d %H:%M:%S","[]","price_qty","False","True","","write","6","","","","","","","","","",""
"","","","","","","","","","","","","","","%Y-%m-%d %H:%M:%S","[[""name"",""="",""$H""]]","option_id","False","True","mrp.option","domain","7","","","","","","","","","",""
"","","","","","","","","","","","","I","","%Y-%m-%d %H:%M:%S","[]","active","False","True","","write","8","","","","","","","","","",""
"","","","","","","","","","","","","J","","%Y-%m-%d %H:%M:%S","[]","note_mo","False","True","","write","9","","","","","","","","","",""
"","","","","","","","","","","update","","","","%Y-%m-%d %H:%M:%S","[[""name"",""="",""$A""]]","routing_id","True","True","mrp.routing","domain","0","True","True","True","False","0","mrp.routing.line","1","Lignes de gamme","3",""
"","","","","","","","","","","","","B","","%Y-%m-%d %H:%M:%S","[]","name","False","True","","write","1","","","","","","","","","",""
"","","","","","","","","","","","","D","","%Y-%m-%d %H:%M:%S","[]","is_supplier_delay_subc","False","True","","write","2","","","","","","","","","",""
"","","","","","","","","","","","","E","","%Y-%m-%d %H:%M:%S","[]","sequence","True","True","","write","3","","","","","","","","","",""
"","","","","","","","","","","update","","","","%Y-%m-%d %H:%M:%S","[[""routing_id"",""="",""$A""],[""name"",""="",""$B""]]","routing_line_id","True","True","mrp.routing.line","domain","0","True","True","True","False","0","mrp.rl.resource.category","2","Catégorie de ressources","3",""
"","","","","","","","","","","","","","","%Y-%m-%d %H:%M:%S","[[""name"",""="",""$C""]]","category_id","True","True","mrp.resource.category","domain","1","","","","","","","","","",""
"","","","","","","","","","","","","D","","%Y-%m-%d %H:%M:%S","[]","type","False","True","","write","2","","","","","","","","","",""
"","","","","","","","","","","","","E","","%Y-%m-%d %H:%M:%S","[]","preparation_time","False","True","","write","3","","","","","","","","","",""
"","","","","","","","","","","","","F","","%Y-%m-%d %H:%M:%S","[]","production_time_seizure","False","True","","write","4","","","","","","","","","",""
"","","","","","","","","","","","","G","","%Y-%m-%d %H:%M:%S","[]","nb_resource","False","True","","write","5","","","","","","","","","",""
"","","","","","","","","","","","","H","","%Y-%m-%d %H:%M:%S","[]","type_cadence_time","False","True","","write","6","","","","","","","","","",""
"","","","","","","","","","","","","I","","%Y-%m-%d %H:%M:%S","[]","cadence","False","True","","write","7","","","","","","","","","",""
"","","","","","","","","","","","","J","","%Y-%m-%d %H:%M:%S","[]","val_purcent_first","False","True","","write","8","","","","","","","","","",""
"","","","","","","","","","","update","","","","%Y-%m-%d %H:%M:%S","[[""routing_id"",""="",""$A""],[""routing_line_id"",""="",""$B""],[""category_id"",""="",""$C""]]","rl_category_id","True","True","mrp.rl.resource.category","domain","0","True","True","True","False","0","mrp.rl.resource","3","Catégorie de ressources","3",""
"","","","","","","","","","","","","","","%Y-%m-%d %H:%M:%S","[[""name"",""="",""$K""]]","resource_id","False","True","mrp.resource","domain","1","","","","","","","","","",""
"","","True","False","MyFab - Produits","0","","","","","update","","A","","%Y-%m-%d %H:%M:%S","[]","name","False","True","","write","0","True","True","True","False","0","product.product","0","Produits","4",""
"","","","","","","","","","","","","B","","%Y-%m-%d %H:%M:%S","[]","code","True","True","","write","1","","","","","","","","","",""
"","","","","","","","","","","","","","","%Y-%m-%d %H:%M:%S","[[""name"",""="",""$C""]]","categ_id","False","True","product.category","domain","2","","","","","","","","","",""
"","","","","","","","","","","","","","","%Y-%m-%d %H:%M:%S","[[""name"",""="",""$D""]]","uom_id","False","True","product.uom","domain","3","","","","","","","","","",""
"","","","","","","","","","","","","E","","%Y-%m-%d %H:%M:%S","[]","dual_unit","False","True","","write","4","","","","","","","","","",""
"","","","","","","","","","","","","F","","%Y-%m-%d %H:%M:%S","[]","type","False","True","","write","5","","","","","","","","","",""
"","","","","","","","","","","","","","","%Y-%m-%d %H:%M:%S","[[""name"",""="",""$G""]]","company_id","False","True","res.company","domain","6","","","","","","","","","",""
"","","","","","","","","","","","","H","","%Y-%m-%d %H:%M:%S","[]","dual_unit_type","False","True","","write","7","","","","","","","","","",""
"","","","","","","","","","","","","I","","%Y-%m-%d %H:%M:%S","[]","description","False","True","","write","8","","","","","","","","","",""
"","","","","","","","","","","","","AA","","%Y-%m-%d %H:%M:%S","[]","supply_method","False","True","","write","9","","","","","","","","","",""
"","","","","","","","","","","","","AB","","%Y-%m-%d %H:%M:%S","[]","trigger_supply","False","True","","write","10","","","","","","","","","",""
"","","","","","","","","","","","","AC","","%Y-%m-%d %H:%M:%S","[]","sale_ok","False","True","","write","11","","","","","","","","","",""
"","","","","","","","","","","","","AD","","%Y-%m-%d %H:%M:%S","[]","purchase_ok","False","True","","write","12","","","","","","","","","",""
"","","","","","","","","","","","","AE","","%Y-%m-%d %H:%M:%S","[]","produce_ok","False","True","","write","13","","","","","","","","","",""
"","","","","","","","","","","","","AF","","%Y-%m-%d %H:%M:%S","[]","low_procurement","False","True","","write","14","","","","","","","","","",""
"","","","","","","","","","","","","AG","","%Y-%m-%d %H:%M:%S","[]","exclude_of_mrp","False","True","","write","15","","","","","","","","","",""
"","","","","","","","","","","","","AH","","%Y-%m-%d %H:%M:%S","[]","is_always_available","False","True","","write","16","","","","","","","","","",""
"","","","","","","","","","","","","AI","","%Y-%m-%d %H:%M:%S","[]","delay_confirm","False","True","","write","17","","","","","","","","","",""
"","","","","","","","","","","","","AJ","","%Y-%m-%d %H:%M:%S","[]","customer_material","False","True","","write","18","","","","","","","","","",""
"","","","","","","","","","","","","AL","","%Y-%m-%d %H:%M:%S","[]","classification","False","True","","write","19","","","","","","","","","",""
"","","","","","","","","","","","","BA","","%Y-%m-%d %H:%M:%S","[]","track_label","False","True","","write","20","","","","","","","","","",""
"","","","","","","","","","","","","","","%Y-%m-%d %H:%M:%S","[[""name"",""="",""$BB""]]","label_template_id","False","True","stock.label.template","domain","21","","","","","","","","","",""
"","","","","","","","","","","","","BC","","%Y-%m-%d %H:%M:%S","[]","impose_qty","False","True","","write","22","","","","","","","","","",""
"","","","","","","","","","","","","BD","","%Y-%m-%d %H:%M:%S","[]","default_label_qty","False","True","","write","23","","","","","","","","","",""
"","","","","","","","","","","","","BE","","%Y-%m-%d %H:%M:%S","[]","is_automatic_label_consumption","False","True","","write","24","","","","","","","","","",""
"","","","","","","","","","","","","BF","","%Y-%m-%d %H:%M:%S","[]","is_expiry_date","False","True","","write","25","","","","","","","","","",""
"","","","","","","","","","","","","BG","","%Y-%m-%d %H:%M:%S","[]","limit_type","False","True","","write","26","","","","","","","","","",""
"","","","","","","","","","","","","BH","","%Y-%m-%d %H:%M:%S","[]","expiry_type","False","True","","write","27","","","","","","","","","",""
"","","","","","","","","","","","","BI","","%Y-%m-%d %H:%M:%S","[]","expiry_year","False","True","","write","28","","","","","","","","","",""
"","","","","","","","","","","","","BJ","","%Y-%m-%d %H:%M:%S","[]","expiry_month","False","True","","write","29","","","","","","","","","",""
"","","","","","","","","","","","","BK","","%Y-%m-%d %H:%M:%S","[]","expiry_day","False","True","","write","30","","","","","","","","","",""
"","","","","","","","","","","","","BL","","%Y-%m-%d %H:%M:%S","[]","removal_year","False","True","","write","31","","","","","","","","","",""
"","","","","","","","","","","","","BM","","%Y-%m-%d %H:%M:%S","[]","removal_month","False","True","","write","32","","","","","","","","","",""
"","","","","","","","","","","","","BN","","%Y-%m-%d %H:%M:%S","[]","removal_day","False","True","","write","33","","","","","","","","","",""
"","","","","","","","","","","","","BO","","%Y-%m-%d %H:%M:%S","[]","conformity_certificate","False","True","","write","34","","","","","","","","","",""
"","","","","","","","","","","","","BP","","%Y-%m-%d %H:%M:%S","[]","rohs_logo","False","True","","write","35","","","","","","","","","",""
"","","","","","","","","","","","","BQ","","%Y-%m-%d %H:%M:%S","[]","regulatory_auto_logo","False","True","","write","36","","","","","","","","","",""
"","","","","","","","","","","","","BR","","%Y-%m-%d %H:%M:%S","[]","guarantee","False","True","","write","37","","","","","","","","","",""
"","","","","","","","","","","","","","","%Y-%m-%d %H:%M:%S","[[""name"",""="",""$BS""]]","guarantee_unity_id","False","True","product.uom","domain","38","","","","","","","","","",""
"","","","","","","","","","","","","BY","","%Y-%m-%d %H:%M:%S","[]","gross_weight","False","True","","write","39","","","","","","","","","",""
"","","","","","","","","","","","","BZ","","%Y-%m-%d %H:%M:%S","[]","net_weight","False","True","","write","40","","","","","","","","","",""
"","","","","","","","","","","","","CA","","%Y-%m-%d %H:%M:%S","[]","gross_volume","False","True","","write","41","","","","","","","","","",""
"","","","","","","","","","","","","CB","","%Y-%m-%d %H:%M:%S","[]","net_volume","False","True","","write","42","","","","","","","","","",""
"","","","","","","","","","","","","","","%Y-%m-%d %H:%M:%S","[[""name"",""="",""$CC""]]","factor_volume_weight_id","False","True","product.uom","domain","43","","","","","","","","","",""
"","","","","","","","","","","","","CD","","%Y-%m-%d %H:%M:%S","[]","is_track_version","False","True","","write","44","","","","","","","","","",""
"","","","","","","","","","","","","DA","","%Y-%m-%d %H:%M:%S","[]","horizon_type","False","True","","write","45","","","","","","","","","",""
"","","","","","","","","","","","","DB","","%Y-%m-%d %H:%M:%S","[]","manual_horizon","False","True","","write","46","","","","","","","","","",""
"","","","","","","","","","","","","DC","","%Y-%m-%d %H:%M:%S","[]","type_cost_price_rm","False","True","","write","47","","","","","","","","","",""
"","","","","","","","","","","","","DD","","%Y-%m-%d %H:%M:%S","[]","type_cost_price_rm_theo","False","True","","write","48","","","","","","","","","",""
"","","","","","","","","","","","","EA","","%Y-%m-%d %H:%M:%S","[]","internal_note","False","True","","write","49","","","","","","","","","",""
"","","","","","","","","","","","","FA","","%Y-%m-%d %H:%M:%S","[]","eig_code","False","True","","write","50","","","","","","","","","",""
"","","","","","","","","","","","","","","%Y-%m-%d %H:%M:%S","[[""name"",""="",""$FB""]]","purchase_responsible_id","False","True","res.users","domain","51","","","","","","","","","",""
"","","","","","","","","","","","","","","%Y-%m-%d %H:%M:%S","[[""name"",""="",""$FC""]]","purchase_family_id","False","True","purchase.family","domain","52","","","","","","","","","",""
"","","","","","","","","","","","","FD","","%Y-%m-%d %H:%M:%S","[]","purchase_remainder_percentage","False","True","","write","53","","","","","","","","","",""
"","","","","","","","","","","","","FE","","%Y-%m-%d %H:%M:%S","[]","free_purchase","False","True","","write","54","","","","","","","","","",""
"","","","","","","","","","","","","FF","","%Y-%m-%d %H:%M:%S","[]","eoq","False","True","","write","55","","","","","","","","","",""
"","","","","","","","","","","","","FG","","%Y-%m-%d %H:%M:%S","[]","cost_method","False","True","","write","56","","","","","","","","","",""
"","","","","","","","","","","","","FI","","%Y-%m-%d %H:%M:%S","[]","default_price","False","True","","write","57","","","","","","","","","",""
"","","","","","","","","","","","","","","%Y-%m-%d %H:%M:%S","[[""name"",""="",""$FJ""]]","uop_id","False","True","product.uom","domain","58","","","","","","","","","",""
"","","","","","","","","","","","","","","%Y-%m-%d %H:%M:%S","[[""name"",""="",""$FK""]]","purchase_uoi_id","False","True","product.uom","domain","59","","","","","","","","","",""
"","","","","","","","","","","","","FL","","%Y-%m-%d %H:%M:%S","[]","purchase_multiple_qty","False","True","","write","60","","","","","","","","","",""
"","","","","","","","","","","","","FM","","%Y-%m-%d %H:%M:%S","[]","purchase_min_qty","False","True","","write","61","","","","","","","","","",""
"","","","","","","","","","","","","","","%Y-%m-%d %H:%M:%S","[[""name"",""="",""$FN""]]","purchase_packaging_id","False","True","product.packaging","domain","62","","","","","","","","","",""
"","","","","","","","","","","","","FO","","%Y-%m-%d %H:%M:%S","[]","free_supply_delay","False","True","","write","63","","","","","","","","","",""
"","","","","","","","","","","","","FP","","%Y-%m-%d %H:%M:%S","[]","purchase_line_warn","False","True","","write","64","","","","","","","","","",""
"","","","","","","","","","","","","FQ","","%Y-%m-%d %H:%M:%S","[]","purchase_line_warn_msg","False","True","","write","65","","","","","","","","","",""
"","","","","","","","","","","","","FR","","%Y-%m-%d %H:%M:%S","[]","purchase_note","False","True","","write","66","","","","","","","","","",""
"","","","","","","","","","","","","FS","","%Y-%m-%d %H:%M:%S","[]","receipt_transport_note","False","True","","write","67","","","","","","","","","",""
"","","","","","","","","","","","","GA","","%Y-%m-%d %H:%M:%S","[]","ean13","False","True","","write","68","","","","","","","","","",""
"","","","","","","","","","","","","","","%Y-%m-%d %H:%M:%S","[[""name"",""="",""$GB""]]","sale_responsible_id","False","True","res.users","domain","69","","","","","","","","","",""
"","","","","","","","","","","","","","","%Y-%m-%d %H:%M:%S","[[""name"",""="",""$GC""]]","sale_family_id","False","True","sale.family","domain","70","","","","","","","","","",""
"","","","","","","","","","","","","","","%Y-%m-%d %H:%M:%S","[[""name"",""="",""$GD""]]","sale_stat_family_id","False","True","sale.stat.family","domain","71","","","","","","","","","",""
"","","","","","","","","","","","","GE","","%Y-%m-%d %H:%M:%S","[]","sale_remainder_percentage","False","True","","write","72","","","","","","","","","",""
"","","","","","","","","","","","","GF","","%Y-%m-%d %H:%M:%S","[]","free_sale","False","True","","write","73","","","","","","","","","",""
"","","","","","","","","","","","","GH","","%Y-%m-%d %H:%M:%S","[]","sale_price","False","True","","write","74","","","","","","","","","",""
"","","","","","","","","","","","","","","%Y-%m-%d %H:%M:%S","[[""name"",""="",""$GK""]]","uos_id","False","True","product.uom","domain","75","","","","","","","","","",""
"","","","","","","","","","","","","","","%Y-%m-%d %H:%M:%S","[[""name"",""="",""$GL""]]","sale_uoi_id","False","True","product.uom","domain","76","","","","","","","","","",""
"","","","","","","","","","","","","GM","","%Y-%m-%d %H:%M:%S","[]","sale_multiple_qty","False","True","","write","77","","","","","","","","","",""
"","","","","","","","","","","","","GN","","%Y-%m-%d %H:%M:%S","[]","sale_min_qty","False","True","","write","78","","","","","","","","","",""
"","","","","","","","","","","","","","","%Y-%m-%d %H:%M:%S","[[""name"",""="",""$GO""]]","sale_packaging_id","False","True","product.packaging","domain","79","","","","","","","","","",""
"","","","","","","","","","","","","GP","","%Y-%m-%d %H:%M:%S","[]","free_delivery_delay","False","True","","write","80","","","","","","","","","",""
"","","","","","","","","","","","","GQ","","%Y-%m-%d %H:%M:%S","[]","sale_line_warn","False","True","","write","81","","","","","","","","","",""
"","","","","","","","","","","","","GR","","%Y-%m-%d %H:%M:%S","[]","sale_line_warn_msg","False","True","","write","82","","","","","","","","","",""
"","","","","","","","","","","","","GS","","%Y-%m-%d %H:%M:%S","[]","printed_sale_note","False","True","","write","83","","","","","","","","","",""
"","","","","","","","","","","","","GT","","%Y-%m-%d %H:%M:%S","[]","transport_note","False","True","","write","84","","","","","","","","","",""
"","","","","","","","","","","","","","","%Y-%m-%d %H:%M:%S","[[""name"",""="",""$HA""]]","production_manager_id","False","True","res.users","domain","85","","","","","","","","","",""
"","","","","","","","","","","","","","","%Y-%m-%d %H:%M:%S","[[""name"",""="",""$HB""]]","planning_manager_id","False","True","res.users","domain","86","","","","","","","","","",""
"","","","","","","","","","","","","","","%Y-%m-%d %H:%M:%S","[[""name"",""="",""$HC""]]","prod_family_id","False","True","production.family","domain","87","","","","","","","","","",""
"","","","","","","","","","","","","HF","","%Y-%m-%d %H:%M:%S","[]","mode_calculating_price_time_theo","False","True","","write","88","","","","","","","","","",""
"","","","","","","","","","","","","HG","","%Y-%m-%d %H:%M:%S","[]","mode_calculating_price_time_real","False","True","","write","89","","","","","","","","","",""
"","","","","","","","","","","","","HH","","%Y-%m-%d %H:%M:%S","[]","mode_calculating_price_subcon_theo","False","True","","write","90","","","","","","","","","",""
"","","","","","","","","","","","","HI","","%Y-%m-%d %H:%M:%S","[]","mode_calculating_price_subcon_real","False","True","","write","91","","","","","","","","","",""
"","","","","","","","","","","","","HJ","","%Y-%m-%d %H:%M:%S","[]","production_delay","False","True","","write","92","","","","","","","","","",""
"","","","","","","","","","","","","HK","","%Y-%m-%d %H:%M:%S","[]","production_min_qty","False","True","","write","93","","","","","","","","","",""
"","","","","","","","","","","","","HL","","%Y-%m-%d %H:%M:%S","[]","production_multiple_qty","False","True","","write","94","","","","","","","","","",""
"","","","","","","","","","","","","HM","","%Y-%m-%d %H:%M:%S","[]","is_without_bom","False","True","","write","95","","","","","","","","","",""
"","","","","","","","","","","","","","","%Y-%m-%d %H:%M:%S","[[""name"",""="",""$HN""]]","routing_without_bom_id","False","True","mrp.routing","domain","96","","","","","","","","","",""
"","","","","","","","","","","","","IA","","%Y-%m-%d %H:%M:%S","[]","inventory_valuation","False","True","","write","97","","","","","","","","","",""
"","","","","","","","","","","","","IB","","%Y-%m-%d %H:%M:%S","[]","type_valuation_purchase","False","True","","write","98","","","","","","","","","",""
"","","","","","","","","","","","","IC","","%Y-%m-%d %H:%M:%S","[]","type_valuation_production","False","True","","write","99","","","","","","","","","",""
"","","","","","","","","","","","","ID","","%Y-%m-%d %H:%M:%S","[]","description_invoice","False","True","","write","100","","","","","","","","","",""
"","","","","","","","","","","","","","","%Y-%m-%d %H:%M:%S","[[""code"",""="",""$IE""]]","property_account_income_id","False","True","account.account","domain","101","","","","","","","","","",""
"","","","","","","","","","","","","","","%Y-%m-%d %H:%M:%S","[[""code"",""="",""$IF""]]","property_account_expense_id","False","True","account.account","domain","102","","","","","","","","","",""
"","","","","","","","","","","","","","","%Y-%m-%d %H:%M:%S","[[""description"",""="",""$IG""]]","sale_taxes_ids","False","True","account.tax","domain","103","","","","","","","","","",""
"","","","","","","","","","","","","","","%Y-%m-%d %H:%M:%S","[[""description"",""="",""$IH""]]","purchase_taxes_ids","False","True","account.tax","domain","104","","","","","","","","","",""
"","","","","","","","","","","","","II","","%Y-%m-%d %H:%M:%S","[]","is_generic_account_move","False","True","","write","105","","","","","","","","","",""
"","","","","","","","","","","","","J","","%Y-%m-%d %H:%M:%S","[]","state","False","True","","write","106","","","","","","","","","",""
"","","","","","","","","","","","","FH","","%Y-%m-%d %H:%M:%S","[]","purchase_cost_price_manual","False","True","","write","107","","","","","","","","","",""
"","","","","","","","","","","update","","","","%Y-%m-%d %H:%M:%S","[[""code"",""="",""$A""]]","product_id","True","True","product.product","domain","0","True","True","True","False","0","product.storage.location","1","Emplacement de stockage","3",""
"","","","","","","","","","","","","","","%Y-%m-%d %H:%M:%S","[[""name"",""="",""$B""]]","warehouse_id","False","True","stock.warehouse","domain","1","","","","","","","","","",""
"","","","","","","","","","","","","","","%Y-%m-%d %H:%M:%S","[[""name"",""="",""$C""]]","location_id","False","True","stock.location","domain","2","","","","","","","","","",""
"","","","","","","","","","","update","","","","%Y-%m-%d %H:%M:%S","[[""code"",""="",""$A""]]","product_id","True","True","product.product","domain","0","True","True","True","False","0","product.version.historical","2","Historique versions produit","3",""
"","","","","","","","","","","","","B","","%Y-%m-%d %H:%M:%S","[]","version","False","True","","write","1","","","","","","","","","",""
"","","","","","","","","","","","","C","","%Y-%m-%d %H:%M:%S","[]","start_date","False","True","","write","2","","","","","","","","","",""
"","","","","","","","","","","update","","","","%Y-%m-%d %H:%M:%S","[[""code"",""="",""$A""]]","product_id","True","True","product.product","domain","0","True","True","True","False","0","parameter.dimension","3","Paramètres","3",""
"","","","","","","","","","","","","","","%Y-%m-%d %H:%M:%S","[[""name"",""="",""$B""]]","type_param_id","False","True","parameter.dimension.type","domain","1","","","","","","","","","",""
"","","","","","","","","","","","","C","","%Y-%m-%d %H:%M:%S","[]","value","False","True","","write","2","","","","","","","","","",""
"","","","","","","","","","","","","D","","%Y-%m-%d %H:%M:%S","[]","price_unit","False","True","","write","3","","","","","","","","","",""
"","","","","","","","","","","","","E","","%Y-%m-%d %H:%M:%S","[]","operator","False","True","","write","4","","","","","","","","","",""
"","","True","False","MyFab - Commandes de vente","0","","","","","update","","A","","%Y-%m-%d %H:%M:%S","[]","name","True","True","","write","1","True","True","True","False","15","sale.order","0","Entête","3",""
"","","","","","","","","","","","","","","%Y-%m-%d %H:%M:%S","[[""reference"",""="",""$B""]]","partner_id","False","True","res.partner","domain","2","","","","","","","","","",""
"","","","","","","","","","","","","C","","%Y-%m-%d %H:%M:%S","[]","order_date","False","True","","write","3","","","","","","","","","",""
"","","","","","","","","","","","","D","","%Y-%m-%d %H:%M:%S","[]","ref_order","False","True","","write","4","","","","","","","","","",""
"","","","","","","","","","","","","","","%Y-%m-%d %H:%M:%S","[[""name"",""="",""$E""]]","delivered_address_id","False","True","address","domain","5","","","","","","","","","",""
"","","","","","","","","","","update","","","","%Y-%m-%d %H:%M:%S","[[""name"",""="",""$A""]]","sale_order_id","False","True","sale.order","domain","1","True","True","True","False","17","sale.order.line","1","Lignes","3",""
"","","","","","","","","","","","","B","","%Y-%m-%d %H:%M:%S","[]","sequence","False","True","","write","2","","","","","","","","","",""
"","","","","","","","","","","","","","","%Y-%m-%d %H:%M:%S","[[""code"",""="",""$C""]]","product_id","False","True","product.product","domain","3","","","","","","","","","",""
"","","","","","","","","","","","","D","","%Y-%m-%d %H:%M:%S","[]","sec_uom_qty","False","True","","write","4","","","","","","","","","",""
"","","","","","","","","","","","","E","","%Y-%m-%d %H:%M:%S","[]","price_unit","False","True","","write","5","","","","","","","","","",""
"","","","","","","","","","","","","","","%Y-%m-%d %H:%M:%S","[[""description"",""="",""$F""]]","taxes_ids","False","True","account.tax","domain","6","","","","","","","","","",""
"","","","","","","","","","","","","G","","%Y-%m-%d %H:%M:%S","[]","requested_date","False","True","","write","7","","","","","","","","","",""
"","","True","False","MyFab - Etats commandes de vente","0","","","","","update","","A","","%Y-%m-%d %H:%M:%S","[]","name","True","True","","write","1","True","True","True","True","12","sale.order","0","Entête","3",""
"","","","","","","","","","","","","F","","%Y-%m-%d %H:%M:%S","[]","state","False","True","","write","2","","","","","","","","","",""
"","","True","False","MyFab - Commandes d'achat","0","","","","","update","","A","","%Y-%m-%d %H:%M:%S","[]","name","True","True","","write","1","True","True","True","False","17","purchase.order","0","Entête","3",""
"","","","","","","","","","","","","","","%Y-%m-%d %H:%M:%S","[[""reference"",""="",""$B""]]","partner_id","False","True","res.partner","domain","2","","","","","","","","","",""
"","","","","","","","","","","","","C","","%Y-%m-%d %H:%M:%S","[]","purchase_type","False","True","","write","3","","","","","","","","","",""
"","","","","","","","","","","","","D","","%Y-%m-%d %H:%M:%S","[]","ref_order","False","True","","write","4","","","","","","","","","",""
"","","","","","","","","","","","","E","","%Y-%m-%d %H:%M:%S","[]","default_expected_date","False","True","","write","5","","","","","","","","","",""
"","","","","","","","","","","","","","","%Y-%m-%d %H:%M:%S","[[""name"",""="",""$F""]]","purchaser_id","False","True","res.users","domain","6","","","","","","","","","",""
"","","","","","","","","","","","","","","%Y-%m-%d %H:%M:%S","[[""name"",""="",""$G""]]","delivered_address_id","False","True","address","domain","7","","","","","","","","","",""
"","","","","","","","","","","update","","","","%Y-%m-%d %H:%M:%S","[[""name"",""="",""$A""]]","purchase_order_id","False","True","purchase.order","domain","1","True","True","True","False","47","purchase.order.line","1","Lignes","3",""
"","","","","","","","","","","","","B","","%Y-%m-%d %H:%M:%S","[]","sequence","False","True","","write","2","","","","","","","","","",""
"","","","","","","","","","","","","","","%Y-%m-%d %H:%M:%S","[[""code"",""="",""$C""]]","product_id","False","True","product.product","domain","3","","","","","","","","","",""
"","","","","","","","","","","","","D","","%Y-%m-%d %H:%M:%S","[]","uom_qty","False","True","","write","4","","","","","","","","","",""
"","","","","","","","","","","","","E","","%Y-%m-%d %H:%M:%S","[]","price_unit","False","True","","write","5","","","","","","","","","",""
"","","","","","","","","","","","","","","%Y-%m-%d %H:%M:%S","[[""description"",""="",""$F""]]","taxes_ids","False","True","account.tax","domain","6","","","","","","","","","",""
"","","","","","","","","","","","","G","","%Y-%m-%d %H:%M:%S","[]","expected_date","False","True","","write","7","","","","","","","","","",""
"","","","","","","","","","","","","","","%Y-%m-%d %H:%M:%S","[[""name"",""="",""$H""]]","uom_id","False","True","product.uom","domain","17","","","","","","","","","",""
"","","","","","","","","","","","","","","%Y-%m-%d %H:%M:%S","[[""name"",""="",""$I""]]","sec_uom_id","False","True","product.uom","domain","27","","","","","","","","","",""
"","","","","","","","","","","","","","","%Y-%m-%d %H:%M:%S","[[""name"",""="",""$J""]]","uoi_id","False","True","product.uom","domain","37","","","","","","","","","",""
"","","","","","","","","","","update","","A","","%Y-%m-%d %H:%M:%S","[]","name","True","True","","write","1","True","True","True","True","18","purchase.order","2","Entête","3",""
"","","","","","","","","","","","","","","%Y-%m-%d %H:%M:%S","[[""reference"",""="",""$B""]]","partner_id","False","True","res.partner","domain","2","","","","","","","","","",""
"","","","","","","","","","","","","C","","%Y-%m-%d %H:%M:%S","[]","purchase_type","False","True","","write","3","","","","","","","","","",""
"","","","","","","","","","","","","D","","%Y-%m-%d %H:%M:%S","[]","ref_order","False","True","","write","4","","","","","","","","","",""
"","","","","","","","","","","","","E","","%Y-%m-%d %H:%M:%S","[]","default_expected_date","False","True","","write","5","","","","","","","","","",""
"","","","","","","","","","","","","","","%Y-%m-%d %H:%M:%S","[[""name"",""="",""$F""]]","purchaser_id","False","True","res.users","domain","6","","","","","","","","","",""
"","","","","","","","","","","","","","","%Y-%m-%d %H:%M:%S","[[""name"",""="",""$G""]]","delivered_address_id","False","True","address","domain","7","","","","","","","","","",""
"","","","","","","","","","","","","H","","%Y-%m-%d %H:%M:%S","[]","state","False","True","","write","8","","","","","","","","","",""
