"is_stop_if_error","template_document_id/id","is_trigger_onchange_deleted_objects","sheetexp_ids/starting_line","sheetexp_ids/is_print_col","sheetexp_ids/sheet_name","sheetexp_ids/sql_query","sheetimp_ids/action_if_found","sheetimp_ids/field_ids/field","sheetimp_ids/field_ids/is_modification_key","sheetimp_ids/field_ids/column","sheetimp_ids/field_ids/domain","sheetimp_ids/field_ids/is_trigger_strip","sheetimp_ids/field_ids/date_format","sheetimp_ids/field_ids/research_mode","sheetimp_ids/field_ids/relation_openprod_id","sheetimp_ids/field_ids/sequence","sheetimp_ids/field_ids/constant_value","sheetimp_ids/is_trigger_onchange","sheetimp_ids/is_trigger_compute","sheetimp_ids/starting_line","sheetimp_ids/ending_line","sheetimp_ids/max_sequence","sheetimp_ids/sheet_name","sheetimp_ids/relation_id/id","sheetimp_ids/sequence","sheetimp_ids/is_use_object_create","sheetimp_ids/is_use_transition","filename","name","file_name","sequence"
"True","","False","","","","","update","Nom","False","B","[]","True","%Y-%m-%d %H:%M:%S","write","","1","","True","True","3","","34","Contacts","account.model_res_partner","0","True","False","","MyFab - Contact","","0"
"","","","","","","","","Prénom","False","C","[]","True","%Y-%m-%d %H:%M:%S","write","","2","","","","","","","","","","","","","","",""
"","","","","","","","","Civilité","False","","[[""name"",""="",""$D""]]","True","%Y-%m-%d %H:%M:%S","domain","res.partner.title","3","","","","","","","","","","","","","","",""
"","","","","","","","","Autoriser emailing","False","E","[]","True","%Y-%m-%d %H:%M:%S","write","","4","","","","","","","","","","","","","","",""
"","","","","","","","","Langue","False","G","[]","True","%Y-%m-%d %H:%M:%S","write","","5","","","","","","","","","","","","","","",""
"","","","","","","","","Fonction","False","","[[""name"",""="",""$H""]]","True","%Y-%m-%d %H:%M:%S","domain","Classe pour les fonctions des contacts","6","","","","","","","","","","","","","","",""
"","","","","","","","","Service","False","","[[""name"",""="",""$I""]]","True","%Y-%m-%d %H:%M:%S","domain","contact.service","7","","","","","","","","","","","","","","",""
"","","","","","","","","Actif","False","J","[]","True","%Y-%m-%d %H:%M:%S","write","","8","","","","","","","","","","","","","","",""
"","","","","","","","","Utiliser l'adresse de la société","False","K","[]","True","%Y-%m-%d %H:%M:%S","write","","9","","","","","","","","","","","","","","",""
"","","","","","","","","Rue","False","N","[]","True","%Y-%m-%d %H:%M:%S","write","","10","","","","","","","","","","","","","","",""
"","","","","","","","","Rue 2","False","O","[]","True","%Y-%m-%d %H:%M:%S","write","","11","","","","","","","","","","","","","","",""
"","","","","","","","","Rue 3","False","P","[]","True","%Y-%m-%d %H:%M:%S","write","","12","","","","","","","","","","","","","","",""
"","","","","","","","","Pays","False","","[[""name"",""="",""$Q""]]","True","%Y-%m-%d %H:%M:%S","domain","Pays","13","","","","","","","","","","","","","","",""
"","","","","","","","","Code postal","False","R","[]","True","%Y-%m-%d %H:%M:%S","write","","14","","","","","","","","","","","","","","",""
"","","","","","","","","Ville","False","S","[]","True","%Y-%m-%d %H:%M:%S","write","","15","","","","","","","","","","","","","","",""
"","","","","","","","","Région","False","","[[""name"",""="",""$T""]]","True","%Y-%m-%d %H:%M:%S","domain","L'objet région pour l'adresse","16","","","","","","","","","","","","","","",""
"","","","","","","","","Site Web","False","U","[]","True","%Y-%m-%d %H:%M:%S","write","","17","","","","","","","","","","","","","","",""
"","","","","","","","","Téléphone","False","V","[]","True","%Y-%m-%d %H:%M:%S","write","","18","","","","","","","","","","","","","","",""
"","","","","","","","","Mobile","False","W","[]","True","%Y-%m-%d %H:%M:%S","write","","19","","","","","","","","","","","","","","",""
"","","","","","","","","Courriel","False","X","[]","True","%Y-%m-%d %H:%M:%S","write","","20","","","","","","","","","","","","","","",""
"","","","","","","","","Fax","False","Y","[]","True","%Y-%m-%d %H:%M:%S","write","","21","","","","","","","","","","","","","","",""
"","","","","","","","","Société du partenaire","False","","[[""reference"",""="",""$F""]]","True","%Y-%m-%d %H:%M:%S","domain","Partenaire","22","","","","","","","","","","","","","","",""
"","","","","","","","","Adresse parente","False","","[[""name"",""="",""$L""]]","True","%Y-%m-%d %H:%M:%S","domain","Objet adresse","23","","","","","","","","","","","","","","",""
"","","","","","","","","Note sur l'adresse","False","Z","[]","True","%Y-%m-%d %H:%M:%S","write","","24","","","","","","","","","","","","","","",""
"True","","False","","","","","update","Partenaire pour livraison","True","","[[""reference"",""="",""$A""]]","True","%Y-%m-%d %H:%M:%S","domain","Partenaire","0","","True","True","3","","0","Adresse","delivery_address.model_address","0","True","False","","MyFab - Adresse","","0"
"","","","","","","","","Nom","True","B","[]","True","%Y-%m-%d %H:%M:%S","write","","1","","","","","","","","","","","","","","",""
"","","","","","","","","Rue","False","C","[]","True","%Y-%m-%d %H:%M:%S","write","","2","","","","","","","","","","","","","","",""
"","","","","","","","","Rue 2","False","D","[]","True","%Y-%m-%d %H:%M:%S","write","","3","","","","","","","","","","","","","","",""
"","","","","","","","","Rue 3","False","E","[]","True","%Y-%m-%d %H:%M:%S","write","","4","","","","","","","","","","","","","","",""
"","","","","","","","","Code postal","False","F","[]","True","%Y-%m-%d %H:%M:%S","write","","5","","","","","","","","","","","","","","",""
"","","","","","","","","Ville","False","G","[]","True","%Y-%m-%d %H:%M:%S","write","","6","","","","","","","","","","","","","","",""
"","","","","","","","","Région","False","","[[""name"",""="",""$H""]]","True","%Y-%m-%d %H:%M:%S","domain","L'objet région pour l'adresse","7","","","","","","","","","","","","","","",""
"","","","","","","","","Pays","False","","[[""name"",""="",""$I""]]","True","%Y-%m-%d %H:%M:%S","domain","Pays","8","","","","","","","","","","","","","","",""
"","","","","","","","","Délai de transport","False","J","[]","True","%Y-%m-%d %H:%M:%S","write","","9","","","","","","","","","","","","","","",""
"","","","","","","","","code EDI","False","K","[]","True","%Y-%m-%d %H:%M:%S","write","","10","","","","","","","","","","","","","","",""
"","","","","","","","","Actif","False","L","[]","True","%Y-%m-%d %H:%M:%S","write","","11","","","","","","","","","","","","","","",""
"","","","","","","","","Utiliser le délai de transport de l’adresse","False","M","[]","True","%Y-%m-%d %H:%M:%S","write","","12","","","","","","","","","","","","","","",""
"","","","","","","","","Note sur l'adresse","False","N","[]","True","%Y-%m-%d %H:%M:%S","write","","13","","","","","","","","","","","","","","",""
"True","","False","","","","","update","Nom","False","B","[]","True","%Y-%m-%d %H:%M:%S","write","","1","","True","True","4","","21","Client","account.model_res_partner","0","True","False","","MyFab - Client","","0"
"","","","","","","","","Référence","True","C","[]","True","%Y-%m-%d %H:%M:%S","write","","2","","","","","","","","","","","","","","",""
"","","","","","","","","Société mère","False","","[[""name"",""="",""$E""]]","True","%Y-%m-%d %H:%M:%S","domain","Partenaire","3","","","","","","","","","","","","","","",""
"","","","","","","","","Calendrier","False","","[[""name"",""="",""$F""]]","True","%Y-%m-%d %H:%M:%S","domain","Calendrier","4","","","","","","","","","","","","","","",""
"","","","","","","","","Devise","False","","[[""name"",""="",""$G""]]","True","%Y-%m-%d %H:%M:%S","domain","Devise","5","","","","","","","","","","","","","","",""
"","","","","","","","","Catégories","False","","[[""name"",""="",""$H""]]","True","%Y-%m-%d %H:%M:%S","domain","Étiquettes du partenaire","6","","","","","","","","","","","","","","",""
"","","","","","","","","Langue","False","I","[]","True","%Y-%m-%d %H:%M:%S","write","","7","","","","","","","","","","","","","","",""
"","","","","","","","","Client","False","J","[]","True","%Y-%m-%d %H:%M:%S","write","","8","","","","","","","","","","","","","","",""
"","","","","","","","","Est une holding","False","K","[]","True","%Y-%m-%d %H:%M:%S","write","","9","","","","","","","","","","","","","","",""
"","","","","","","","","Title","False","","[[""name"",""="",""$D""]]","True","%Y-%m-%d %H:%M:%S","domain","res.company.title","10","","","","","","","","","","","","","","",""
"","","","","","","","","Autre tiers","False","L","[]","True","%Y-%m-%d %H:%M:%S","write","","11","","","","","","","","","","","","","","",""
"","","","","","","","update","Référence","True","C","[]","True","%Y-%m-%d %H:%M:%S","write","","0","","True","True","4","","0","Client","account.model_res_partner","1","True","False","","","",""
"","","","","","","","","Dénomination sociale","False","AI","[]","True","%Y-%m-%d %H:%M:%S","write","","1","","","","","","","","","","","","","","",""
"","","","","","","","","Site Web","False","AJ","[]","True","%Y-%m-%d %H:%M:%S","write","","2","","","","","","","","","","","","","","",""
"","","","","","","","","Téléphone","False","AK","[]","True","%Y-%m-%d %H:%M:%S","write","","3","","","","","","","","","","","","","","",""
"","","","","","","","","Mobile","False","AL","[]","True","%Y-%m-%d %H:%M:%S","write","","4","","","","","","","","","","","","","","",""
"","","","","","","","","Courriel","False","AM","[]","True","%Y-%m-%d %H:%M:%S","write","","5","","","","","","","","","","","","","","",""
"","","","","","","","","Fax","False","AN","[]","True","%Y-%m-%d %H:%M:%S","write","","6","","","","","","","","","","","","","","",""
"","","","","","","","","Rue","False","AA","[]","True","%Y-%m-%d %H:%M:%S","write","","7","","","","","","","","","","","","","","",""
"","","","","","","","","Rue 2","False","AB","[]","True","%Y-%m-%d %H:%M:%S","write","","8","","","","","","","","","","","","","","",""
"","","","","","","","","Rue 3","False","AC","[]","True","%Y-%m-%d %H:%M:%S","write","","9","","","","","","","","","","","","","","",""
"","","","","","","","","Code postal","False","AD","[]","True","%Y-%m-%d %H:%M:%S","write","","10","","","","","","","","","","","","","","",""
"","","","","","","","","Ville","False","AE","[]","True","%Y-%m-%d %H:%M:%S","write","","11","","","","","","","","","","","","","","",""
"","","","","","","","","Région","False","","[[""name"",""="",""$AF""]]","True","%Y-%m-%d %H:%M:%S","domain","L'objet région pour l'adresse","12","","","","","","","","","","","","","","",""
"","","","","","","","","Pays","False","","[[""name"",""="",""$AG""]]","True","%Y-%m-%d %H:%M:%S","domain","Pays","13","","","","","","","","","","","","","","",""
"","","","","","","","","Note sur l'adresse","False","AH","[]","True","%Y-%m-%d %H:%M:%S","write","","14","","","","","","","","","","","","","","",""
"","","","","","","","update","Référence","True","C","[]","True","%Y-%m-%d %H:%M:%S","write","","0","","True","True","4","","0","Client","account.model_res_partner","2","True","False","","","",""
"","","","","","","","","Notes internes","False","BA","[]","True","%Y-%m-%d %H:%M:%S","write","","1","","","","","","","","","","","","","","",""
"","","","","","","","update","Référence","True","C","[]","True","%Y-%m-%d %H:%M:%S","write","","0","","True","True","4","","0","Client","account.model_res_partner","3","True","False","","","",""
"","","","","","","","","Autorisé à commander","False","CA","[]","True","%Y-%m-%d %H:%M:%S","write","","1","","","","","","","","","","","","","","",""
"","","","","","","","","Autorisé à être livré","False","CB","[]","True","%Y-%m-%d %H:%M:%S","write","","2","","","","","","","","","","","","","","",""
"","","","","","","","","Autorisé à être facturé","False","CC","[]","True","%Y-%m-%d %H:%M:%S","write","","3","","","","","","","","","","","","","","",""
"","","","","","","","","Autorisé à payer","False","CD","[]","True","%Y-%m-%d %H:%M:%S","write","","4","","","","","","","","","","","","","","",""
"","","","","","","","","Vendeur","False","","[[""name"",""="",""$CE""]]","True","%Y-%m-%d %H:%M:%S","domain","Utilisateurs","5","","","","","","","","","","","","","","",""
"","","","","","","","","ADV","False","","[[""name"",""="",""$CF""]]","True","%Y-%m-%d %H:%M:%S","domain","Utilisateurs","6","","","","","","","","","","","","","","",""
"","","","","","","","","Secteur","False","","[[""name"",""="",""$CG""]]","True","%Y-%m-%d %H:%M:%S","domain","partner.sector","7","","","","","","","","","","","","","","",""
"","","","","","","","","Famille statistique (client)","False","","[[""name"",""="",""$CH""]]","True","%Y-%m-%d %H:%M:%S","domain","Famille de stat","8","","","","","","","","","","","","","","",""
"","","","","","","","","Code EDI","False","CI","[]","True","%Y-%m-%d %H:%M:%S","write","","9","","","","","","","","","","","","","","",""
"","","","","","","","","Notre numéro chez le client","False","CJ","[]","True","%Y-%m-%d %H:%M:%S","write","","10","","","","","","","","","","","","","","",""
"","","","","","","","","Date de calcul de prix (client)","False","CL","[]","True","%Y-%m-%d %H:%M:%S","write","","11","","","","","","","","","","","","","","",""
"","","","","","","","","Livraison incomplète autorisée","False","CM","[]","True","%Y-%m-%d %H:%M:%S","write","","12","","","","","","","","","","","","","","",""
"","","","","","","","","Autoriser les reliquats","False","CN","[]","True","%Y-%m-%d %H:%M:%S","write","","13","","","","","","","","","","","","","","",""
"","","","","","","","","Position fiscale (client)","False","","[[""name"",""="",""$CO""]]","True","%Y-%m-%d %H:%M:%S","domain","Position fiscale","14","","","","","","","","","","","","","","",""
"","","","","","","","","Contacts (client)","False","","[[""name"",""="",""$CP""]]","True","%Y-%m-%d %H:%M:%S","domain","Partenaire","15","","","","","","","","","","","","","","",""
"","","","","","","","","Méthode de communication (client)","False","CQ","[]","True","%Y-%m-%d %H:%M:%S","write","","16","","","","","","","","","","","","","","",""
"","","","","","","","","Demande un accusé de réception","False","CR","[]","True","%Y-%m-%d %H:%M:%S","write","","17","","","","","","","","","","","","","","",""
"","","","","","","","","Demande confirmation delai","False","CS","[]","True","%Y-%m-%d %H:%M:%S","write","","18","","","","","","","","","","","","","","",""
"","","","","","","","","Conditions de paiement (client)","False","","[[""name"",""="",""$CT""]]","True","%Y-%m-%d %H:%M:%S","domain","Conditions de paiement","19","","","","","","","","","","","","","","",""
"","","","","","","","","Mode de paiement (client)","False","","[[""name"",""="",""$CU""]]","True","%Y-%m-%d %H:%M:%S","domain","Mode de paiement","20","","","","","","","","","","","","","","",""
"","","","","","","","","Méthode de facturation (client)","False","","[[""name"",""="",""$CV""]]","True","%Y-%m-%d %H:%M:%S","domain","account.invoicing.method","21","","","","","","","","","","","","","","",""
"","","","","","","","","Gestion de l'escompte (client)","False","CW","[]","True","%Y-%m-%d %H:%M:%S","write","","22","","","","","","","","","","","","","","",""
"","","","","","","","","Durée d'escompte client (en jours)","False","CX","[]","True","%Y-%m-%d %H:%M:%S","write","","23","","","","","","","","","","","","","","",""
"","","","","","","","","Taux d'escompte client (%)","False","CY","[]","True","%Y-%m-%d %H:%M:%S","write","","24","","","","","","","","","","","","","","",""
"","","","","","","","","Note sur l'entête de commande de vente","False","DB","[]","True","%Y-%m-%d %H:%M:%S","write","","25","","","","","","","","","","","","","","",""
"","","","","","","","","Commande de vente","False","CZ","[]","True","%Y-%m-%d %H:%M:%S","write","","26","","","","","","","","","","","","","","",""
"","","","","","","","","Message pour commande de vente","False","DA","[]","True","%Y-%m-%d %H:%M:%S","write","","27","","","","","","","","","","","","","","",""
"","","","","","","","update","Référence","True","C","[]","True","%Y-%m-%d %H:%M:%S","write","","0","","True","True","4","","0","Client","account.model_res_partner","4","True","False","","","",""
"","","","","","","","","Code comptable logiciel tiers","False","EA","[]","True","%Y-%m-%d %H:%M:%S","write","","1","","","","","","","","","","","","","","",""
"","","","","","","","","Compte client","False","","[[""code"",""="",""$EB""]]","True","%Y-%m-%d %H:%M:%S","domain","Compte","2","","","","","","","","","","","","","","",""
"","","","","","","","","Responsable","False","","[[""name"",""="",""$EC""]]","True","%Y-%m-%d %H:%M:%S","domain","Utilisateurs","3","","","","","","","","","","","","","","",""
"","","","","","","","","Numéro de siret","False","ED","[]","True","%Y-%m-%d %H:%M:%S","write","","4","","","","","","","","","","","","","","",""
"","","","","","","","","Numéro EORI","False","EE","[]","True","%Y-%m-%d %H:%M:%S","write","","5","","","","","","","","","","","","","","",""
"","","","","","","","","Numéro APE","False","EF","[]","True","%Y-%m-%d %H:%M:%S","write","","6","","","","","","","","","","","","","","",""
"","","","","","","","","Bloquer les factures","False","EG","[]","True","%Y-%m-%d %H:%M:%S","write","","7","","","","","","","","","","","","","","",""
"","","","","","","","","Grouper les factures","False","EH","[]","True","%Y-%m-%d %H:%M:%S","write","","8","","","","","","","","","","","","","","",""
"","","","","","","","","Période","False","EI","[]","True","%Y-%m-%d %H:%M:%S","write","","9","","","","","","","","","","","","","","",""
"","","","","","","","","Adresse d'envoi de la facture","False","","[[""name"",""="",""$EJ""]]","True","%Y-%m-%d %H:%M:%S","domain","Objet adresse","10","","","","","","","","","","","","","","",""
"","","","","","","","","Contacts de facturation","False","","[[""name"",""="",""$EK""]]","True","%Y-%m-%d %H:%M:%S","domain","Partenaire","11","","","","","","","","","","","","","","",""
"","","","","","","","","Méthode de communication de la facturation","False","EL","[]","True","%Y-%m-%d %H:%M:%S","write","","12","","","","","","","","","","","","","","",""
"","","","","","","","","Exemplaires de facture","False","EM","[]","True","%Y-%m-%d %H:%M:%S","write","","13","","","","","","","","","","","","","","",""
"","","","","","","","","Type credit","False","EN","[]","True","%Y-%m-%d %H:%M:%S","write","","14","","","","","","","","","","","","","","",""
"","","","","","","","","Crédit demandé","False","EO","[]","True","%Y-%m-%d %H:%M:%S","write","","15","","","","","","","","","","","","","","",""
"","","","","","","","","Crédit accordé","False","EP","[]","True","%Y-%m-%d %H:%M:%S","write","","16","","","","","","","","","","","","","","",""
"","","","","","","","","Limite de crédit","False","EQ","[]","True","%Y-%m-%d %H:%M:%S","write","","17","","","","","","","","","","","","","","",""
"","","","","","","","","Encours factures non payées manuel","False","ER","[]","True","%Y-%m-%d %H:%M:%S","write","","18","","","","","","","","","","","","","","",""
"","","","","","","","","Encours factures dépassées manuel","False","ES","[]","True","%Y-%m-%d %H:%M:%S","write","","19","","","","","","","","","","","","","","",""
"","","","","","","","","Organisme","False","","[[""name"",""="",""$ET""]]","True","%Y-%m-%d %H:%M:%S","domain","Organisme","20","","","","","","","","","","","","","","",""
"","","","","","","","","Date de fin","False","EU","[]","True","%Y-%m-%d %H:%M:%S","write","","21","","","","","","","","","","","","","","",""
"","","","","","","","","Bloquer la commande lorsque la limite de crédit est atteinte","False","EV","[]","True","%Y-%m-%d %H:%M:%S","write","","22","","","","","","","","","","","","","","",""
"","","","","","","","","Note sur la facture","False","EW","[]","True","%Y-%m-%d %H:%M:%S","write","","23","","","","","","","","","","","","","","",""
"","","","","","","","update","Référence","True","C","[]","True","%Y-%m-%d %H:%M:%S","write","","0","","True","True","4","","0","Client","account.model_res_partner","5","True","False","","","",""
"","","","","","","","","Transporteur (client)","False","","[[""name"",""="",""$FA""]]","True","%Y-%m-%d %H:%M:%S","domain","Partenaire","1","","","","","","","","","","","","","","",""
"","","","","","","","","Contacts de livraison","False","","[[""name"",""="",""$FB""]]","True","%Y-%m-%d %H:%M:%S","domain","Partenaire","2","","","","","","","","","","","","","","",""
"","","","","","","","","Incoterm (client)","False","","[[""name"",""="",""$FC""]]","True","%Y-%m-%d %H:%M:%S","domain","Incoterms","3","","","","","","","","","","","","","","",""
"","","","","","","","","Type de frais de port (client)","False","FD","[]","True","%Y-%m-%d %H:%M:%S","write","","4","","","","","","","","","","","","","","",""
"","","","","","","","","Seuil (client)","False","FE","[]","True","%Y-%m-%d %H:%M:%S","write","","5","","","","","","","","","","","","","","",""
"","","","","","","","","Transitaire (client)","False","","[[""name"",""="",""$FF""]]","True","%Y-%m-%d %H:%M:%S","domain","Partenaire","6","","","","","","","","","","","","","","",""
"","","","","","","","","Délai de livraison (client)","False","FG","[]","True","%Y-%m-%d %H:%M:%S","write","","7","","","","","","","","","","","","","","",""
"","","","","","","","","Mode de communication","False","FI","[]","True","%Y-%m-%d %H:%M:%S","write","","8","","","","","","","","","","","","","","",""
"","","","","","","","","Note imprimée sur le bon de livraison","False","FJ","[]","True","%Y-%m-%d %H:%M:%S","write","","9","","","","","","","","","","","","","","",""
"","","","","","","","","Note pour bon de préparation","False","FK","[]","True","%Y-%m-%d %H:%M:%S","write","","10","","","","","","","","","","","","","","",""
"","","","","","","","","Note pour transporteur","False","FL","[]","True","%Y-%m-%d %H:%M:%S","write","","11","","","","","","","","","","","","","","",""
"","","","","","","","update","Référence","True","C","[]","True","%Y-%m-%d %H:%M:%S","write","","0","","True","True","4","","0","Client","account.model_res_partner","6","True","False","","","",""
"","","","","","","","","Emplacement client","False","","[[""name"",""="",""$GA""]]","True","%Y-%m-%d %H:%M:%S","domain","Emplacement","1","","","","","","","","","","","","","","",""
"","","","","","","","","Emplacement fournisseur","False","","[[""name"",""="",""$GB""]]","True","%Y-%m-%d %H:%M:%S","domain","Emplacement","2","","","","","","","","","","","","","","",""
"","","","","","","","","Société","False","","[[""name"",""="",""$GC""]]","True","%Y-%m-%d %H:%M:%S","domain","Sociétés","3","","","","","","","","","","","","","","",""
"","","","","","","","","Exporté(e)","False","GD","[]","True","%Y-%m-%d %H:%M:%S","write","","4","","","","","","","","","","","","","","",""
"","","","","","","","update","Titulaire de compte","False","","[[""reference"",""="",""$A""]]","True","%Y-%m-%d %H:%M:%S","domain","Partenaire","0","","True","True","3","","0","Informations bancaires","account.model_res_partner_bank","7","True","False","","","",""
"","","","","","","","","Type de relevé","False","B","[]","True","%Y-%m-%d %H:%M:%S","write","","1","","","","","","","","","","","","","","",""
"","","","","","","","","Numéro de compte","False","C","[]","True","%Y-%m-%d %H:%M:%S","write","","2","","","","","","","","","","","","","","",""
"","","","","","","","","Devise","False","","[[""name"",""="",""$D""]]","True","%Y-%m-%d %H:%M:%S","domain","Devise","3","","","","","","","","","","","","","","",""
"","","","","","","","","Banque","False","","[[""name"",""="",""$E""]]","True","%Y-%m-%d %H:%M:%S","domain","Banque","4","","","","","","","","","","","","","","",""
"","","","","","","","","Actif","False","F","[]","True","%Y-%m-%d %H:%M:%S","write","","5","","","","","","","","","","","","","","",""
"","","","","","","","update","Partenaire","False","","[[""reference"",""="",""$A""]]","True","%Y-%m-%d %H:%M:%S","domain","Partenaire","0","","True","True","3","","0","Numéro de TVA","account_openprod.model_country_tva","8","True","False","","","",""
"","","","","","","","","Numéro TVA","False","B","[]","True","%Y-%m-%d %H:%M:%S","write","","1","","","","","","","","","","","","","","",""
"","","","","","","","","Pays","False","","[[""name"",""="",""$C""]]","True","%Y-%m-%d %H:%M:%S","domain","Pays","2","","","","","","","","","","","","","","",""
"True","","False","","","","","update","Nom","False","B","[]","True","%Y-%m-%d %H:%M:%S","write","","1","","True","True","4","","22","Fournisseur","account.model_res_partner","0","True","False","","MyFab - Fournisseur","","0"
"","","","","","","","","Référence","True","C","[]","True","%Y-%m-%d %H:%M:%S","write","","2","","","","","","","","","","","","","","",""
"","","","","","","","","Société mère","False","","[[""name"",""="",""$E""]]","True","%Y-%m-%d %H:%M:%S","domain","Partenaire","3","","","","","","","","","","","","","","",""
"","","","","","","","","Calendrier","False","","[[""name"",""="",""$F""]]","True","%Y-%m-%d %H:%M:%S","domain","Calendrier","4","","","","","","","","","","","","","","",""
"","","","","","","","","Devise","False","","[[""name"",""="",""$G""]]","True","%Y-%m-%d %H:%M:%S","domain","Devise","5","","","","","","","","","","","","","","",""
"","","","","","","","","Catégories","False","","[[""name"",""="",""$H""]]","True","%Y-%m-%d %H:%M:%S","domain","Étiquettes du partenaire","6","","","","","","","","","","","","","","",""
"","","","","","","","","Langue","False","I","[]","True","%Y-%m-%d %H:%M:%S","write","","7","","","","","","","","","","","","","","",""
"","","","","","","","","Fournisseur","False","J","[]","True","%Y-%m-%d %H:%M:%S","write","","8","","","","","","","","","","","","","","",""
"","","","","","","","","Transporteur","False","K","[]","True","%Y-%m-%d %H:%M:%S","write","","9","","","","","","","","","","","","","","",""
"","","","","","","","","Title","False","","[[""name"",""="",""$D""]]","True","%Y-%m-%d %H:%M:%S","domain","res.company.title","10","","","","","","","","","","","","","","",""
"","","","","","","","","Autre tiers","False","M","[]","True","%Y-%m-%d %H:%M:%S","write","","11","","","","","","","","","","","","","","",""
"","","","","","","","","Est une holding","False","L","[]","True","%Y-%m-%d %H:%M:%S","write","","12","","","","","","","","","","","","","","",""
"","","","","","","","update","Référence","True","C","[]","True","%Y-%m-%d %H:%M:%S","write","","0","","True","True","4","","0","Fournisseur","account.model_res_partner","1","True","False","","","",""
"","","","","","","","","Dénomination sociale","False","AI","[]","True","%Y-%m-%d %H:%M:%S","write","","1","","","","","","","","","","","","","","",""
"","","","","","","","","Site Web","False","AJ","[]","True","%Y-%m-%d %H:%M:%S","write","","2","","","","","","","","","","","","","","",""
"","","","","","","","","Téléphone","False","AK","[]","True","%Y-%m-%d %H:%M:%S","write","","3","","","","","","","","","","","","","","",""
"","","","","","","","","Mobile","False","AL","[]","True","%Y-%m-%d %H:%M:%S","write","","4","","","","","","","","","","","","","","",""
"","","","","","","","","Courriel","False","AM","[]","True","%Y-%m-%d %H:%M:%S","write","","5","","","","","","","","","","","","","","",""
"","","","","","","","","Fax","False","AN","[]","True","%Y-%m-%d %H:%M:%S","write","","6","","","","","","","","","","","","","","",""
"","","","","","","","","Rue","False","AA","[]","True","%Y-%m-%d %H:%M:%S","write","","7","","","","","","","","","","","","","","",""
"","","","","","","","","Rue 2","False","AB","[]","True","%Y-%m-%d %H:%M:%S","write","","8","","","","","","","","","","","","","","",""
"","","","","","","","","Rue 3","False","AC","[]","True","%Y-%m-%d %H:%M:%S","write","","9","","","","","","","","","","","","","","",""
"","","","","","","","","Code postal","False","AD","[]","True","%Y-%m-%d %H:%M:%S","write","","10","","","","","","","","","","","","","","",""
"","","","","","","","","Ville","False","AE","[]","True","%Y-%m-%d %H:%M:%S","write","","11","","","","","","","","","","","","","","",""
"","","","","","","","","Région","False","","[[""name"",""="",""$AF""]]","True","%Y-%m-%d %H:%M:%S","domain","L'objet région pour l'adresse","12","","","","","","","","","","","","","","",""
"","","","","","","","","Pays","False","","[[""name"",""="",""$AG""]]","True","%Y-%m-%d %H:%M:%S","domain","Pays","13","","","","","","","","","","","","","","",""
"","","","","","","","","Note sur l'adresse","False","AH","[]","True","%Y-%m-%d %H:%M:%S","write","","14","","","","","","","","","","","","","","",""
"","","","","","","","update","Référence","True","C","[]","True","%Y-%m-%d %H:%M:%S","write","","0","","True","True","4","","0","Fournisseur","account.model_res_partner","2","True","False","","","",""
"","","","","","","","","Notes internes","False","BA","[]","True","%Y-%m-%d %H:%M:%S","write","","1","","","","","","","","","","","","","","",""
"","","","","","","","update","Référence","True","C","[]","True","%Y-%m-%d %H:%M:%S","write","","0","","True","True","4","","0","Fournisseur","account.model_res_partner","3","True","False","","","",""
"","","","","","","","","Est vendeur","False","CA","[]","True","%Y-%m-%d %H:%M:%S","write","","1","","","","","","","","","","","","","","",""
"","","","","","","","","Livré par","False","CB","[]","True","%Y-%m-%d %H:%M:%S","write","","2","","","","","","","","","","","","","","",""
"","","","","","","","","Facturé par","False","CC","[]","True","%Y-%m-%d %H:%M:%S","write","","3","","","","","","","","","","","","","","",""
"","","","","","","","","Payé à","False","CD","[]","True","%Y-%m-%d %H:%M:%S","write","","4","","","","","","","","","","","","","","",""
"","","","","","","","","Famille statistique (fournisseur)","False","","[[""name"",""="",""$CE""]]","True","%Y-%m-%d %H:%M:%S","domain","Famille de stat","5","","","","","","","","","","","","","","",""
"","","","","","","","","Acheteur","False","","[[""name"",""="",""$CF""]]","True","%Y-%m-%d %H:%M:%S","domain","Utilisateurs","6","","","","","","","","","","","","","","",""
"","","","","","","","","Code GEI","False","CG","[]","True","%Y-%m-%d %H:%M:%S","write","","7","","","","","","","","","","","","","","",""
"","","","","","","","","Notre numéro chez le fournisseur","False","CH","[]","True","%Y-%m-%d %H:%M:%S","write","","8","","","","","","","","","","","","","","",""
"","","","","","","","","Date de calcul de prix (fournisseur)","False","CI","[]","True","%Y-%m-%d %H:%M:%S","write","","9","","","","","","","","","","","","","","",""
"","","","","","","","","Réception incomplète","False","CJ","[]","True","%Y-%m-%d %H:%M:%S","write","","10","","","","","","","","","","","","","","",""
"","","","","","","","","Générer un reliquat","False","CK","[]","True","%Y-%m-%d %H:%M:%S","write","","11","","","","","","","","","","","","","","",""
"","","","","","","","","Position fiscale fournisseur","False","","[[""name"",""="",""$CL""]]","True","%Y-%m-%d %H:%M:%S","domain","Position fiscale","12","","","","","","","","","","","","","","",""
"","","","","","","","","Délai moyen du fournisseur","False","CM","[]","True","%Y-%m-%d %H:%M:%S","write","","13","","","","","","","","","","","","","","",""
"","","","","","","","","Demander AR","False","CN","[]","True","%Y-%m-%d %H:%M:%S","write","","14","","","","","","","","","","","","","","",""
"","","","","","","","","Faire une relance","False","CO","[]","True","%Y-%m-%d %H:%M:%S","write","","15","","","","","","","","","","","","","","",""
"","","","","","","","","Contacts (fournisseur)","False","","[[""name"",""="",""$CQ""]]","True","%Y-%m-%d %H:%M:%S","domain","Partenaire","16","","","","","","","","","","","","","","",""
"","","","","","","","","Délai relance","False","CP","[]","True","%Y-%m-%d %H:%M:%S","write","","17","","","","","","","","","","","","","","",""
"","","","","","","","","Méthode de communication (fournisseur)","False","CR","[]","True","%Y-%m-%d %H:%M:%S","write","","18","","","","","","","","","","","","","","",""
"","","","","","","","","Commande d'achat","False","CS","[]","True","%Y-%m-%d %H:%M:%S","write","","19","","","","","","","","","","","","","","",""
"","","","","","","","","Messages pour commande d'achat","False","CT","[]","True","%Y-%m-%d %H:%M:%S","write","","20","","","","","","","","","","","","","","",""
"","","","","","","","","Conditions de paiement (fournisseur)","False","","[[""name"",""="",""$CU""]]","True","%Y-%m-%d %H:%M:%S","domain","Conditions de paiement","21","","","","","","","","","","","","","","",""
"","","","","","","","","Mode de paiement (fournisseur)","False","","[[""name"",""="",""$CV""]]","True","%Y-%m-%d %H:%M:%S","domain","Mode de paiement","22","","","","","","","","","","","","","","",""
"","","","","","","","","Méthode de facturation (fournisseur)","False","","[[""name"",""="",""$CW""]]","True","%Y-%m-%d %H:%M:%S","domain","account.invoicing.method","23","","","","","","","","","","","","","","",""
"","","","","","","","","Gestion de l'escompte (fournisseur)","False","CX","[]","True","%Y-%m-%d %H:%M:%S","write","","24","","","","","","","","","","","","","","",""
"","","","","","","","","Durée d'escompte fournisseur (en jours)","False","CY","[]","True","%Y-%m-%d %H:%M:%S","write","","25","","","","","","","","","","","","","","",""
"","","","","","","","","Taux d'escompte fournisseur (%)","False","CZ","[]","True","%Y-%m-%d %H:%M:%S","write","","26","","","","","","","","","","","","","","",""
"","","","","","","","","Note de la commande d'achat","False","DA","[]","True","%Y-%m-%d %H:%M:%S","write","","27","","","","","","","","","","","","","","",""
"","","","","","","","update","Référence","True","C","[]","True","%Y-%m-%d %H:%M:%S","write","","0","","True","True","4","","0","Fournisseur","account.model_res_partner","4","True","False","","","",""
"","","","","","","","","Code comptable logiciel tiers","False","EA","[]","True","%Y-%m-%d %H:%M:%S","write","","1","","","","","","","","","","","","","","",""
"","","","","","","","","Compte fournisseur","False","","[[""code"",""="",""$EB""]]","True","%Y-%m-%d %H:%M:%S","domain","Compte","2","","","","","","","","","","","","","","",""
"","","","","","","","","Responsable","False","","[[""name"",""="",""$EC""]]","True","%Y-%m-%d %H:%M:%S","domain","Utilisateurs","3","","","","","","","","","","","","","","",""
"","","","","","","","","Numéro de siret","False","ED","[]","True","%Y-%m-%d %H:%M:%S","write","","4","","","","","","","","","","","","","","",""
"","","","","","","","","Numéro EORI","False","EE","[]","True","%Y-%m-%d %H:%M:%S","write","","5","","","","","","","","","","","","","","",""
"","","","","","","","","Numéro APE","False","EF","[]","True","%Y-%m-%d %H:%M:%S","write","","6","","","","","","","","","","","","","","",""
"","","","","","","","","Bloquer les factures","False","EG","[]","True","%Y-%m-%d %H:%M:%S","write","","7","","","","","","","","","","","","","","",""
"","","","","","","","","Grouper les factures","False","EH","[]","True","%Y-%m-%d %H:%M:%S","write","","8","","","","","","","","","","","","","","",""
"","","","","","","","","Période","False","EI","[]","True","%Y-%m-%d %H:%M:%S","write","","9","","","","","","","","","","","","","","",""
"","","","","","","","","Adresse d'envoi de la facture","False","","[[""name"",""="",""$EJ""]]","True","%Y-%m-%d %H:%M:%S","domain","Objet adresse","10","","","","","","","","","","","","","","",""
"","","","","","","","","Contacts de facturation","False","","[[""name"",""="",""$EK""]]","True","%Y-%m-%d %H:%M:%S","domain","Partenaire","11","","","","","","","","","","","","","","",""
"","","","","","","","","Méthode de communication de la facturation","False","EL","[]","True","%Y-%m-%d %H:%M:%S","write","","12","","","","","","","","","","","","","","",""
"","","","","","","","","Exemplaires de facture","False","EM","[]","True","%Y-%m-%d %H:%M:%S","write","","13","","","","","","","","","","","","","","",""
"","","","","","","","","Type credit","False","EN","[]","True","%Y-%m-%d %H:%M:%S","write","","14","","","","","","","","","","","","","","",""
"","","","","","","","","Crédit demandé","False","EO","[]","True","%Y-%m-%d %H:%M:%S","write","","15","","","","","","","","","","","","","","",""
"","","","","","","","","Crédit accordé","False","EP","[]","True","%Y-%m-%d %H:%M:%S","write","","16","","","","","","","","","","","","","","",""
"","","","","","","","","Limite de crédit","False","EQ","[]","True","%Y-%m-%d %H:%M:%S","write","","17","","","","","","","","","","","","","","",""
"","","","","","","","","Encours factures non payées manuel","False","ER","[]","True","%Y-%m-%d %H:%M:%S","write","","18","","","","","","","","","","","","","","",""
"","","","","","","","","Encours factures dépassées manuel","False","ES","[]","True","%Y-%m-%d %H:%M:%S","write","","19","","","","","","","","","","","","","","",""
"","","","","","","","","Organisme","False","","[[""name"",""="",""$ET""]]","True","%Y-%m-%d %H:%M:%S","domain","Organisme","20","","","","","","","","","","","","","","",""
"","","","","","","","","Date de fin","False","EU","[]","True","%Y-%m-%d %H:%M:%S","write","","21","","","","","","","","","","","","","","",""
"","","","","","","","","Bloquer la commande lorsque la limite de crédit est atteinte","False","EV","[]","True","%Y-%m-%d %H:%M:%S","write","","22","","","","","","","","","","","","","","",""
"","","","","","","","","Note sur la facture","False","EW","[]","True","%Y-%m-%d %H:%M:%S","write","","23","","","","","","","","","","","","","","",""
"","","","","","","","update","Référence","True","C","[]","True","%Y-%m-%d %H:%M:%S","write","","0","","True","True","4","","0","Fournisseur","account.model_res_partner","5","True","False","","","",""
"","","","","","","","","Transporteur (fournisseur)","False","","[[""name"",""="",""$FA""]]","True","%Y-%m-%d %H:%M:%S","domain","Partenaire","1","","","","","","","","","","","","","","",""
"","","","","","","","","Contacts de livraison","False","","[[""name"",""="",""$FB""]]","True","%Y-%m-%d %H:%M:%S","domain","Partenaire","2","","","","","","","","","","","","","","",""
"","","","","","","","","Incoterm (fournisseur)","False","","[[""name"",""="",""$FC""]]","True","%Y-%m-%d %H:%M:%S","domain","Incoterms","3","","","","","","","","","","","","","","",""
"","","","","","","","","Type de frais (fournisseur)","False","FD","[]","True","%Y-%m-%d %H:%M:%S","write","","4","","","","","","","","","","","","","","",""
"","","","","","","","","Seuil (fournisseur)","False","FE","[]","True","%Y-%m-%d %H:%M:%S","write","","5","","","","","","","","","","","","","","",""
"","","","","","","","","Transitaire (fournisseur)","False","","[[""name"",""="",""$FF""]]","True","%Y-%m-%d %H:%M:%S","domain","Partenaire","6","","","","","","","","","","","","","","",""
"","","","","","","","","Délai de livraison (fournisseur)","False","FG","[]","True","%Y-%m-%d %H:%M:%S","write","","7","","","","","","","","","","","","","","",""
"","","","","","","","","Note sur le bon de réception","False","FH","[]","True","%Y-%m-%d %H:%M:%S","write","","8","","","","","","","","","","","","","","",""
"","","","","","","","update","Référence","True","C","[]","True","%Y-%m-%d %H:%M:%S","write","","0","","True","True","4","","0","Fournisseur","account.model_res_partner","6","True","False","","","",""
"","","","","","","","","Emplacement client","False","","[[""name"",""="",""$GA""]]","True","%Y-%m-%d %H:%M:%S","domain","Emplacement","1","","","","","","","","","","","","","","",""
"","","","","","","","","Emplacement fournisseur","False","","[[""name"",""="",""$GB""]]","True","%Y-%m-%d %H:%M:%S","domain","Emplacement","2","","","","","","","","","","","","","","",""
"","","","","","","","","Société","False","","[[""name"",""="",""$GC""]]","True","%Y-%m-%d %H:%M:%S","domain","Sociétés","3","","","","","","","","","","","","","","",""
"","","","","","","","","Exporté(e)","False","GD","[]","True","%Y-%m-%d %H:%M:%S","write","","4","","","","","","","","","","","","","","",""
"","","","","","","","update","Titulaire de compte","False","","[[""reference"",""="",""$A""]]","True","%Y-%m-%d %H:%M:%S","domain","Partenaire","0","","True","True","3","","0","Informations bancaires","account.model_res_partner_bank","7","True","False","","","",""
"","","","","","","","","Type de relevé","False","B","[]","True","%Y-%m-%d %H:%M:%S","write","","1","","","","","","","","","","","","","","",""
"","","","","","","","","Numéro de compte","False","C","[]","True","%Y-%m-%d %H:%M:%S","write","","2","","","","","","","","","","","","","","",""
"","","","","","","","","Devise","False","","[[""name"",""="",""$D""]]","True","%Y-%m-%d %H:%M:%S","domain","Devise","3","","","","","","","","","","","","","","",""
"","","","","","","","","Banque","False","","[[""name"",""="",""$E""]]","True","%Y-%m-%d %H:%M:%S","domain","Banque","4","","","","","","","","","","","","","","",""
"","","","","","","","","Actif","False","F","[]","True","%Y-%m-%d %H:%M:%S","write","","5","","","","","","","","","","","","","","",""
"","","","","","","","update","Partenaire","False","","[[""reference"",""="",""$A""]]","True","%Y-%m-%d %H:%M:%S","domain","Partenaire","0","","True","True","3","","0","Numéro de TVA","account_openprod.model_country_tva","8","True","False","","","",""
"","","","","","","","","Numéro TVA","False","B","[]","True","%Y-%m-%d %H:%M:%S","write","","1","","","","","","","","","","","","","","",""
"","","","","","","","","Pays","False","","[[""name"",""="",""$C""]]","True","%Y-%m-%d %H:%M:%S","domain","Pays","2","","","","","","","","","","","","","","",""
"True","","False","","","","","update","Nom","True","A","[]","True","%Y-%m-%d %H:%M:%S","write","","0","","True","True","3","","0","Catégories de produits","account.model_product_category","0","True","False","","MyFab - Catégories de produits","","0"
"","","","","","","","","Catégorie parent","False","","[[""name"",""="",""$B""]]","True","%Y-%m-%d %H:%M:%S","domain","Product Category","1","","","","","","","","","","","","","","",""
"","","","","","","","","Type de catégorie","False","C","[]","True","%Y-%m-%d %H:%M:%S","write","","2","","","","","","","","","","","","","","",""
"","","","","","","","","Actif","False","D","[]","True","%Y-%m-%d %H:%M:%S","write","","3","","","","","","","","","","","","","","",""
"","","","","","","","","UdM","False","","[[""name"",""="",""$E""]]","True","%Y-%m-%d %H:%M:%S","domain","UdM","4","","","","","","","","","","","","","","",""
"","","","","","","","","Type de produit","False","F","[]","True","%Y-%m-%d %H:%M:%S","write","","5","","","","","","","","","","","","","","",""
"","","","","","","","","Compte de produits","False","","[[""code"",""="",""$G""]]","True","%Y-%m-%d %H:%M:%S","domain","Compte","6","","","","","","","","","","","","","","",""
"","","","","","","","","Compte de charges","False","","[[""code"",""="",""$H""]]","True","%Y-%m-%d %H:%M:%S","domain","Compte","7","","","","","","","","","","","","","","",""
"","","","","","","","","Taxes des ventes","False","","[[""description"",""="",""$I""]]","True","%Y-%m-%d %H:%M:%S","domain","Taxe","8","","","","","","","","","","","","","","",""
"","","","","","","","","Taxes d'achat","False","","[[""description"",""="",""$J""]]","True","%Y-%m-%d %H:%M:%S","domain","Taxe","9","","","","","","","","","","","","","","",""
"","","","","","","","","Méthode de fourniture par défaut","False","K","[]","True","%Y-%m-%d %H:%M:%S","write","","10","","","","","","","","","","","","","","",""
"","","","","","","","","Peut être vendu","False","L","[]","True","%Y-%m-%d %H:%M:%S","write","","11","","","","","","","","","","","","","","",""
"","","","","","","","","Peut être acheté","False","M","[]","True","%Y-%m-%d %H:%M:%S","write","","12","","","","","","","","","","","","","","",""
"","","","","","","","","Peut être produit","False","N","[]","True","%Y-%m-%d %H:%M:%S","write","","13","","","","","","","","","","","","","","",""
"","","","","","","","","Déclenchement d'approvisionnement","False","O","[]","True","%Y-%m-%d %H:%M:%S","write","","14","","","","","","","","","","","","","","",""
"","","","","","","","","Attente confirmation délai","False","P","[]","True","%Y-%m-%d %H:%M:%S","write","","15","","","","","","","","","","","","","","",""
"","","","","","","","","Faible appro.","False","Q","[]","True","%Y-%m-%d %H:%M:%S","write","","16","","","","","","","","","","","","","","",""
"","","","","","","","","Exclure du CBN","False","R","[]","True","%Y-%m-%d %H:%M:%S","write","","17","","","","","","","","","","","","","","",""
"","","","","","","","","Toujours disponible","False","S","[]","True","%Y-%m-%d %H:%M:%S","write","","18","","","","","","","","","","","","","","",""
"","","","","","","","","Valorisation de l'inventaire","False","T","[]","True","%Y-%m-%d %H:%M:%S","write","","19","","","","","","","","","","","","","","",""
"","","","","","","","","Type valorisation (fournisseur)","False","U","[]","True","%Y-%m-%d %H:%M:%S","write","","20","","","","","","","","","","","","","","",""
"","","","","","","","","Type de calcul du prix de revient théorique pour le produit fini","False","V","[]","True","%Y-%m-%d %H:%M:%S","write","","21","","","","","","","","","","","","","","",""
"","","","","","","","","Groupement d'Intéret Economique (GIE)","False","W","[]","True","%Y-%m-%d %H:%M:%S","write","","22","","","","","","","","","","","","","","",""
"","","","","","","","","Responsable des achats","False","","[[""name"",""="",""$X""]]","True","%Y-%m-%d %H:%M:%S","domain","Utilisateurs","23","","","","","","","","","","","","","","",""
"","","","","","","","","Famille de stat d’achat","False","","[[""name"",""="",""$Y""]]","True","%Y-%m-%d %H:%M:%S","domain","Famille d'achat","24","","","","","","","","","","","","","","",""
"","","","","","","","","Pourcentage de tolérance à réception","False","Z","[]","True","%Y-%m-%d %H:%M:%S","write","","25","","","","","","","","","","","","","","",""
"","","","","","","","","Achat libre","False","AA","[]","True","%Y-%m-%d %H:%M:%S","write","","26","","","","","","","","","","","","","","",""
"","","","","","","","","Série économique","False","AB","[]","True","%Y-%m-%d %H:%M:%S","write","","27","","","","","","","","","","","","","","",""
"","","","","","","","","Méthode de coût","False","AC","[]","True","%Y-%m-%d %H:%M:%S","write","","28","","","","","","","","","","","","","","",""
"","","","","","","","","Unité d'achat","False","","[[""name"",""="",""$AE""]]","True","%Y-%m-%d %H:%M:%S","domain","UdM","29","","","","","","","","","","","","","","",""
"","","","","","","","","UdP d'achat","False","","[[""name"",""="",""$AF""]]","True","%Y-%m-%d %H:%M:%S","domain","UdM","30","","","","","","","","","","","","","","",""
"","","","","","","","","Qté multiple d'achat","False","AG","[]","True","%Y-%m-%d %H:%M:%S","write","","31","","","","","","","","","","","","","","",""
"","","","","","","","","Quantité minimum d'achat","False","AH","[]","True","%Y-%m-%d %H:%M:%S","write","","32","","","","","","","","","","","","","","",""
"","","","","","","","","Conditionnement à l'achat","False","","[[""name"",""="",""$AI""]]","True","%Y-%m-%d %H:%M:%S","domain","Conditionnement de produit","33","","","","","","","","","","","","","","",""
"","","","","","","","","Délai d'approvisionnement","False","AJ","[]","True","%Y-%m-%d %H:%M:%S","write","","34","","","","","","","","","","","","","","",""
"","","","","","","","","Responsable de vente","False","","[[""name"",""="",""$AK""]]","True","%Y-%m-%d %H:%M:%S","domain","Utilisateurs","35","","","","","","","","","","","","","","",""
"","","","","","","","","Famille de tarif ","False","","[[""name"",""="",""$AL""]]","True","%Y-%m-%d %H:%M:%S","domain","Famille de vente","36","","","","","","","","","","","","","","",""
"","","","","","","","","Famille de stat de vente","False","","[[""name"",""="",""$AM""]]","True","%Y-%m-%d %H:%M:%S","domain","Famille de stat de vente","37","","","","","","","","","","","","","","",""
"","","","","","","","","Pourcentage de tolérance à la livraison","False","AN","[]","True","%Y-%m-%d %H:%M:%S","write","","38","","","","","","","","","","","","","","",""
"","","","","","","","","Vente libre","False","AO","[]","True","%Y-%m-%d %H:%M:%S","write","","39","","","","","","","","","","","","","","",""
"","","","","","","","","Unité de vente","False","","[[""name"",""="",""$AQ""]]","True","%Y-%m-%d %H:%M:%S","domain","UdM","40","","","","","","","","","","","","","","",""
"","","","","","","","","UdP de la vente","False","","[[""name"",""="",""$AR""]]","True","%Y-%m-%d %H:%M:%S","domain","UdM","41","","","","","","","","","","","","","","",""
"","","","","","","","","Qté multiple de vente","False","AS","[]","True","%Y-%m-%d %H:%M:%S","write","","42","","","","","","","","","","","","","","",""
"","","","","","","","","Qté minimum de vente","False","AT","[]","True","%Y-%m-%d %H:%M:%S","write","","43","","","","","","","","","","","","","","",""
"","","","","","","","","Conditionnement à la vente","False","","[[""name"",""="",""$AU""]]","True","%Y-%m-%d %H:%M:%S","domain","Conditionnement de produit","44","","","","","","","","","","","","","","",""
"","","","","","","","","Délai d'engagement","False","AV","[]","True","%Y-%m-%d %H:%M:%S","write","","45","","","","","","","","","","","","","","",""
"","","","","","","","","Responsable données techniques","False","","[[""name"",""="",""$AY""]]","True","%Y-%m-%d %H:%M:%S","domain","Utilisateurs","46","","","","","","","","","","","","","","",""
"","","","","","","","","Responsable planification","False","","[[""name"",""="",""$AZ""]]","True","%Y-%m-%d %H:%M:%S","domain","Utilisateurs","47","","","","","","","","","","","","","","",""
"","","","","","","","","Famille de production","False","","[[""name"",""="",""$BA""]]","True","%Y-%m-%d %H:%M:%S","domain","Famille de production","48","","","","","","","","","","","","","","",""
"","","","","","","","","Délai de fabrication","False","BD","[]","True","%Y-%m-%d %H:%M:%S","write","","49","","","","","","","","","","","","","","",""
"","","","","","","","","Quantité minimum de fabrication","False","BE","[]","True","%Y-%m-%d %H:%M:%S","write","","50","","","","","","","","","","","","","","",""
"","","","","","","","","Multiple de fabrication","False","BF","[]","True","%Y-%m-%d %H:%M:%S","write","","51","","","","","","","","","","","","","","",""
"True","","False","","","","","update","Code","False","A","[]","True","%Y-%m-%d %H:%M:%S","write","","0","","True","True","3","","0","Plan comptable","account.model_account_account","0","True","False","","MyFab - Plan comptable","","0"
"","","","","","","","","Nom","False","B","[]","True","%Y-%m-%d %H:%M:%S","write","","1","","","","","","","","","","","","","","",""
"","","","","","","","","Parent","False","","[[""code"",""="",""$C""]]","True","%Y-%m-%d %H:%M:%S","domain","Compte","2","","","","","","","","","","","","","","",""
"","","","","","","","","Type interne","False","D","[]","True","%Y-%m-%d %H:%M:%S","write","","3","","","","","","","","","","","","","","",""
"","","","","","","","","Méthode de report à nouveau","False","E","[]","True","%Y-%m-%d %H:%M:%S","write","","4","","","","","","","","","","","","","","",""
"","","","","","","","","Autoriser le lettrage","False","F","[]","True","%Y-%m-%d %H:%M:%S","write","","5","","","","","","","","","","","","","","",""
"","","","","","","","","Section de rapport si débit","False","","[[""name"",""="",""$G""]]","True","%Y-%m-%d %H:%M:%S","domain","Type de compte","6","","","","","","","","","","","","","","",""
"","","","","","","","","Taxes par défaut","False","","[[""description"",""="",""$H""]]","True","%Y-%m-%d %H:%M:%S","domain","Taxe","7","","","","","","","","","","","","","","",""
"","","","","","","","","Devise secondaire","False","","[[""name"",""="",""$I""]]","True","%Y-%m-%d %H:%M:%S","domain","Devise","8","","","","","","","","","","","","","","",""
"","","","","","","","","Taxe à l'encaissement","False","J","[]","True","%Y-%m-%d %H:%M:%S","write","","9","","","","","","","","","","","","","","",""
"","","","","","","","","Actif","False","K","[]","True","%Y-%m-%d %H:%M:%S","write","","10","","","","","","","","","","","","","","",""
"","","","","","","","","Débit","False","L","[]","True","%Y-%m-%d %H:%M:%S","write","","11","","","","","","","","","","","","","","",""
"","","","","","","","","Crédit","False","M","[]","True","%Y-%m-%d %H:%M:%S","write","","12","","","","","","","","","","","","","","",""
"","","","","","","","","Section de rapport si crédit","False","","[[""name"",""="",""$N""]]","True","%Y-%m-%d %H:%M:%S","domain","Type de compte","13","","","","","","","","","","","","","","",""
"","","","","","","","","Compte de taxe à récupérer (à l'encaissement)","False","","[[""code"",""="",""$O""]]","True","%Y-%m-%d %H:%M:%S","domain","Compte","14","","","","","","","","","","","","","","",""
"","","","","","","","","Notes internes","False","P","[]","True","%Y-%m-%d %H:%M:%S","write","","15","","","","","","","","","","","","","","",""
"True","","False","","","","","update","Produit","True","","[[""code"",""="",""$A""]]","True","%Y-%m-%d %H:%M:%S","domain","Produit","0","","True","True","4","","0","Référencement client","sale.model_product_customerinfo","0","True","False","","MyFab - Référencement client","","0"
"","","","","","","","","Partenaire","True","","[[""reference"",""="",""$B""]]","True","%Y-%m-%d %H:%M:%S","domain","Partenaire","1","","","","","","","","","","","","","","",""
"","","","","","","","","Propriétés","False","","[[""name"",""="",""$C""]]","True","%Y-%m-%d %H:%M:%S","domain","Propriété d'achat","2","","","","","","","","","","","","","","",""
"","","","","","","","","Devise","False","","[[""name"",""="",""$D""]]","True","%Y-%m-%d %H:%M:%S","domain","Devise","3","","","","","","","","","","","","","","",""
"","","","","","","","","Société","False","","[[""name"",""="",""$E""]]","True","%Y-%m-%d %H:%M:%S","domain","Sociétés","4","","","","","","","","","","","","","","",""
"","","","","","","","","Code produit du client","False","F","[]","True","%Y-%m-%d %H:%M:%S","write","","5","","","","","","","","","","","","","","",""
"","","","","","","","","Nom produit du client","False","G","[]","True","%Y-%m-%d %H:%M:%S","write","","6","","","","","","","","","","","","","","",""
"","","","","","","","","Conditionnement client","False","","[[""name"",""="",""$H""]]","True","%Y-%m-%d %H:%M:%S","domain","Conditionnement de produit","7","","","","","","","","","","","","","","",""
"","","","","","","","","Unité de vente","False","","[[""name"",""="",""$I""]]","True","%Y-%m-%d %H:%M:%S","domain","UdM","8","","","","","","","","","","","","","","",""
"","","","","","","","","Unité de prix","False","","[[""name"",""="",""$J""]]","True","%Y-%m-%d %H:%M:%S","domain","UdM","9","","","","","","","","","","","","","","",""
"","","","","","","","","Multiple de vente","False","K","[]","True","%Y-%m-%d %H:%M:%S","write","","10","","","","","","","","","","","","","","",""
"","","","","","","","","Qté minimum","False","L","[]","True","%Y-%m-%d %H:%M:%S","write","","11","","","","","","","","","","","","","","",""
"","","","","","","","","Délai d'engagement","False","M","[]","True","%Y-%m-%d %H:%M:%S","write","","12","","","","","","","","","","","","","","",""
"","","","","","","","","Clé import","False","N","[]","True","%Y-%m-%d %H:%M:%S","write","","13","","","","","","","","","","","","","","",""
"","","","","","","","update","Produit","True","","[[""code"",""="",""$A""]]","True","%Y-%m-%d %H:%M:%S","domain","Produit","0","","True","True","4","","0","Référencement client","sale.model_product_customerinfo","1","True","False","","","",""
"","","","","","","","","Partenaire","True","","[[""reference"",""="",""$B""]]","True","%Y-%m-%d %H:%M:%S","domain","Partenaire","1","","","","","","","","","","","","","","",""
"","","","","","","","","Note de vente","False","AA","[]","True","%Y-%m-%d %H:%M:%S","write","","2","","","","","","","","","","","","","","",""
"","","","","","","","","Note interne","False","AB","[]","True","%Y-%m-%d %H:%M:%S","write","","3","","","","","","","","","","","","","","",""
"","","","","","","","","Avertissement","False","AC","[]","True","%Y-%m-%d %H:%M:%S","write","","4","","","","","","","","","","","","","","",""
"","","","","","","","","Message d'avertissement","False","AD","[]","True","%Y-%m-%d %H:%M:%S","write","","5","","","","","","","","","","","","","","",""
"","","","","","","","update","Informations partenaire","True","","[[""x_cleimport"",""="",""$A""]]","True","%Y-%m-%d %H:%M:%S","domain","Information client","0","","True","True","3","","0","Liste de prix","sale.model_pricelist_customerinfo","2","True","False","","","",""
"","","","","","","","","Date de début","False","B","[]","True","%Y-%m-%d %H:%M:%S","write","","1","","","","","","","","","","","","","","",""
"","","","","","","","","Date de fin","False","C","[]","True","%Y-%m-%d %H:%M:%S","write","","2","","","","","","","","","","","","","","",""
"","","","","","","","","Quantité","True","D","[]","True","%Y-%m-%d %H:%M:%S","write","","3","","","","","","","","","","","","","","",""
"","","","","","","","","Prix","False","E","[]","True","%Y-%m-%d %H:%M:%S","write","","4","","","","","","","","","","","","","","",""
"True","","False","","","","","update","Produit","True","","[[""code"",""="",""$A""]]","True","%Y-%m-%d %H:%M:%S","domain","Produit","0","","True","True","4","","0","Référencement fournisseur","mrp.model_product_supplierinfo","0","True","False","","MyFab - Référencelent fournisseur","","0"
"","","","","","","","","Partenaire","True","","[[""reference"",""="",""$B""]]","True","%Y-%m-%d %H:%M:%S","domain","Partenaire","1","","","","","","","","","","","","","","",""
"","","","","","","","","Propriétés","False","","[[""name"",""="",""$C""]]","True","%Y-%m-%d %H:%M:%S","domain","Propriété d'achat","2","","","","","","","","","","","","","","",""
"","","","","","","","","Imposé par","False","","[[""reference"",""="",""$D""]]","True","%Y-%m-%d %H:%M:%S","domain","Partenaire","3","","","","","","","","","","","","","","",""
"","","","","","","","","Devise","False","","[[""name"",""="",""$E""]]","True","%Y-%m-%d %H:%M:%S","domain","Devise","4","","","","","","","","","","","","","","",""
"","","","","","","","","Société","False","","[[""name"",""="",""$F""]]","True","%Y-%m-%d %H:%M:%S","domain","Sociétés","5","","","","","","","","","","","","","","",""
"","","","","","","","","Code produit chez le fournisseur","False","G","[]","True","%Y-%m-%d %H:%M:%S","write","","6","","","","","","","","","","","","","","",""
"","","","","","","","","Nom du produit chez le fournisseur","False","H","[]","True","%Y-%m-%d %H:%M:%S","write","","7","","","","","","","","","","","","","","",""
"","","","","","","","","Conditionnement fournisseur","False","","[[""name"",""="",""$I""]]","True","%Y-%m-%d %H:%M:%S","domain","Conditionnement de produit","8","","","","","","","","","","","","","","",""
"","","","","","","","","Unité d'achat","False","","[[""name"",""="",""$J""]]","True","%Y-%m-%d %H:%M:%S","domain","UdM","9","","","","","","","","","","","","","","",""
"","","","","","","","","Unité de prix","False","","[[""name"",""="",""$K""]]","True","%Y-%m-%d %H:%M:%S","domain","UdM","10","","","","","","","","","","","","","","",""
"","","","","","","","","Multiple d'achat","False","L","[]","True","%Y-%m-%d %H:%M:%S","write","","11","","","","","","","","","","","","","","",""
"","","","","","","","","Qté min","False","M","[]","True","%Y-%m-%d %H:%M:%S","write","","12","","","","","","","","","","","","","","",""
"","","","","","","","","Délai de livraison","False","N","[]","True","%Y-%m-%d %H:%M:%S","write","","13","","","","","","","","","","","","","","",""
"","","","","","","","","Frais de douane (%)","False","O","[]","True","%Y-%m-%d %H:%M:%S","write","","14","","","","","","","","","","","","","","",""
"","","","","","","","","Autres frais (%)","False","P","[]","True","%Y-%m-%d %H:%M:%S","write","","15","","","","","","","","","","","","","","",""
"","","","","","","","","Clé import","False","Q","[]","True","%Y-%m-%d %H:%M:%S","write","","16","","","","","","","","","","","","","","",""
"","","","","","","","update","Produit","True","","[[""code"",""="",""$A""]]","True","%Y-%m-%d %H:%M:%S","domain","Produit","0","","True","True","4","","0","Référencement fournisseur","mrp.model_product_supplierinfo","1","True","False","","","",""
"","","","","","","","","Partenaire","True","","[[""reference"",""="",""$B""]]","True","%Y-%m-%d %H:%M:%S","domain","Partenaire","1","","","","","","","","","","","","","","",""
"","","","","","","","","Note d'achat","False","AA","[]","True","%Y-%m-%d %H:%M:%S","write","","2","","","","","","","","","","","","","","",""
"","","","","","","","","Note interne","False","AB","[]","True","%Y-%m-%d %H:%M:%S","write","","3","","","","","","","","","","","","","","",""
"","","","","","","","update","Informations partenaire","True","","[[""x_cleimport"",""="",""$A""]]","True","%Y-%m-%d %H:%M:%S","domain","Product supplierinfo","0","","True","True","3","","0","Liste de prix","purchase.model_pricelist_supplierinfo","2","True","False","","","",""
"","","","","","","","","Date de début","False","B","[]","True","%Y-%m-%d %H:%M:%S","write","","1","","","","","","","","","","","","","","",""
"","","","","","","","","Date de fin","False","C","[]","True","%Y-%m-%d %H:%M:%S","write","","2","","","","","","","","","","","","","","",""
"","","","","","","","","Quantité","True","D","[]","True","%Y-%m-%d %H:%M:%S","write","","3","","","","","","","","","","","","","","",""
"","","","","","","","","Prix unitaire","False","E","[]","True","%Y-%m-%d %H:%M:%S","write","","4","","","","","","","","","","","","","","",""
"True","","False","","","","","update","Produit","False","","[[""code"",""="",""$A""]]","True","%Y-%m-%d %H:%M:%S","domain","Produit","0","","True","True","4","","0","Nomenclature","mrp.model_mrp_bom","0","True","False","","MyFab - Nomenclature","","0"
"","","","","","","","","Type","False","C","[]","True","%Y-%m-%d %H:%M:%S","write","","1","","","","","","","","","","","","","","",""
"","","","","","","","","Quantité","False","D","[]","True","%Y-%m-%d %H:%M:%S","write","","2","","","","","","","","","","","","","","",""
"","","","","","","","","UdM","False","","[[""name"",""="",""$E""]]","True","%Y-%m-%d %H:%M:%S","domain","UdM","3","","","","","","","","","","","","","","",""
"","","","","","","","","Date de départ","False","F","[]","True","%Y-%m-%d %H:%M:%S","write","","4","","","","","","","","","","","","","","",""
"","","","","","","","","Date de fin","False","G","[]","True","%Y-%m-%d %H:%M:%S","write","","5","","","","","","","","","","","","","","",""
"","","","","","","","","Actif","False","H","[]","True","%Y-%m-%d %H:%M:%S","write","","6","","","","","","","","","","","","","","",""
"","","","","","","","","Gammes","False","","[[""name"",""="",""$AA""]]","True","%Y-%m-%d %H:%M:%S","domain","Gamme","7","","","","","","","","","","","","","","",""
"","","","","","","","","Référence","True","B","[]","True","%Y-%m-%d %H:%M:%S","write","","100","","","","","","","","","","","","","","",""
"True","","False","","","","","update","Nomenclature","True","","[[""name"",""="",""$A""]]","True","%Y-%m-%d %H:%M:%S","domain","Nomenclature","0","","True","True","3","","0","Lignes de nomenclature","mrp.model_mrp_bom","0","True","False","","MyFab - Lignes de nomenclature","","0"
"","","","","","","","","Produit","True","","[[""code"",""="",""$B""]]","True","%Y-%m-%d %H:%M:%S","domain","Produit","1","","","","","","","","","","","","","","",""
"","","","","","","","","Quantité","False","C","[]","True","%Y-%m-%d %H:%M:%S","write","","2","","","","","","","","","","","","","","",""
"","","","","","","","","Arrondi","False","D","[]","True","%Y-%m-%d %H:%M:%S","write","","3","","","","","","","","","","","","","","",""
"","","","","","","","","Efficacité","False","E","[]","True","%Y-%m-%d %H:%M:%S","write","","4","","","","","","","","","","","","","","",""
"","","","","","","","","Type de composant","False","F","[]","True","%Y-%m-%d %H:%M:%S","write","","5","","","","","","","","","","","","","","",""
"","","","","","","","","Prix unitaire","False","G","[]","True","%Y-%m-%d %H:%M:%S","write","","6","","","","","","","","","","","","","","",""
"True","","False","","","","","update","Nom","True","A","[]","True","%Y-%m-%d %H:%M:%S","write","","0","","True","True","3","","0","Gamme","mrp.model_mrp_routing","0","True","False","","MyFab - Gamme","","0"
"","","","","","","","","Référence","False","B","[]","True","%Y-%m-%d %H:%M:%S","write","","1","","","","","","","","","","","","","","",""
"","","","","","","","","Est modèle","False","C","[]","True","%Y-%m-%d %H:%M:%S","write","","2","","","","","","","","","","","","","","",""
"","","","","","","","","Modèle","False","","[[""name"",""="",""$D""]]","True","%Y-%m-%d %H:%M:%S","domain","Gamme","3","","","","","","","","","","","","","","",""
"","","","","","","","","Date de départ","False","E","[]","True","%Y-%m-%d %H:%M:%S","write","","4","","","","","","","","","","","","","","",""
"","","","","","","","","Date de fin","False","F","[]","True","%Y-%m-%d %H:%M:%S","write","","5","","","","","","","","","","","","","","",""
"","","","","","","","","Série économique","False","G","[]","True","%Y-%m-%d %H:%M:%S","write","","6","","","","","","","","","","","","","","",""
"","","","","","","","","Option","False","","[[""name"",""="",""$H""]]","True","%Y-%m-%d %H:%M:%S","domain","TODO","7","","","","","","","","","","","","","","",""
"","","","","","","","","Actif","False","I","[]","True","%Y-%m-%d %H:%M:%S","write","","8","","","","","","","","","","","","","","",""
"","","","","","","","","Note sur fabrication","False","J","[]","True","%Y-%m-%d %H:%M:%S","write","","9","","","","","","","","","","","","","","",""
"","","","","","","","update","Gamme","True","","[[""name"",""="",""$A""]]","True","%Y-%m-%d %H:%M:%S","domain","Gamme","0","","True","True","3","","0","Lignes de gamme","mrp.model_mrp_routing_line","1","True","False","","","",""
"","","","","","","","","Nom","False","B","[]","True","%Y-%m-%d %H:%M:%S","write","","1","","","","","","","","","","","","","","",""
"","","","","","","","","Délai fournisseur pour sous-traitance","False","D","[]","True","%Y-%m-%d %H:%M:%S","write","","2","","","","","","","","","","","","","","",""
"","","","","","","","","Séquence","True","E","[]","True","%Y-%m-%d %H:%M:%S","write","","3","","","","","","","","","","","","","","",""
"","","","","","","","update","Ligne de gamme","True","","[[""routing_id"",""="",""$A""],[""name"",""="",""$B""]]","True","%Y-%m-%d %H:%M:%S","domain","Ligne de gamme","0","","True","True","3","","0","Catégorie de ressources","mrp.model_mrp_rl_resource_category","2","True","False","","","",""
"","","","","","","","","Catégorie","True","","[[""name"",""="",""$C""]]","True","%Y-%m-%d %H:%M:%S","domain","Catégorie de ressource","1","","","","","","","","","","","","","","",""
"","","","","","","","","Type temps de production","False","D","[]","True","%Y-%m-%d %H:%M:%S","write","","2","","","","","","","","","","","","","","",""
"","","","","","","","","Temps de préparation","False","E","[]","True","%Y-%m-%d %H:%M:%S","write","","3","","","","","","","","","","","","","","",""
"","","","","","","","","Temps de production","False","F","[]","True","%Y-%m-%d %H:%M:%S","write","","4","","","","","","","","","","","","","","",""
"","","","","","","","","Nb de resources par défaut","False","G","[]","True","%Y-%m-%d %H:%M:%S","write","","5","","","","","","","","","","","","","","",""
"","","","","","","","","Type de cadence","False","H","[]","True","%Y-%m-%d %H:%M:%S","write","","6","","","","","","","","","","","","","","",""
"","","","","","","","","Cadence","False","I","[]","True","%Y-%m-%d %H:%M:%S","write","","7","","","","","","","","","","","","","","",""
"","","","","","","","","% du temps","False","J","[]","True","%Y-%m-%d %H:%M:%S","write","","8","","","","","","","","","","","","","","",""
"","","","","","","","update","Catégorie","True","","[[""routing_id"",""="",""$A""],[""routing_line_id"",""="",""$B""],[""category_id"",""="",""$C""]]","True","%Y-%m-%d %H:%M:%S","domain","Catégorie de ressources dans les lignes de gammes","0","","True","True","3","","0","Catégorie de ressources","mrp.model_mrp_rl_resource","3","True","False","","","",""
"","","","","","","","","Ressource","False","","[[""name"",""="",""$K""]]","True","%Y-%m-%d %H:%M:%S","domain","Ressource","1","","","","","","","","","","","","","","",""
"True","","False","","","","","update","Nom","False","A","[]","True","%Y-%m-%d %H:%M:%S","write","","0","","True","True","4","","0","Produits","account_openprod.model_product_product","0","True","False","","MyFab - Produits","","0"
"","","","","","","","","Code","True","B","[]","True","%Y-%m-%d %H:%M:%S","write","","1","","","","","","","","","","","","","","",""
"","","","","","","","","Catégorie","False","","[[""name"",""="",""$C""]]","True","%Y-%m-%d %H:%M:%S","domain","Product Category","2","","","","","","","","","","","","","","",""
"","","","","","","","","Unité de Mesure","False","","[[""name"",""="",""$D""]]","True","%Y-%m-%d %H:%M:%S","domain","UdM","3","","","","","","","","","","","","","","",""
"","","","","","","","","Double unité","False","E","[]","True","%Y-%m-%d %H:%M:%S","write","","4","","","","","","","","","","","","","","",""
"","","","","","","","","Type de produit","False","F","[]","True","%Y-%m-%d %H:%M:%S","write","","5","","","","","","","","","","","","","","",""
"","","","","","","","","Société","False","","[[""name"",""="",""$G""]]","True","%Y-%m-%d %H:%M:%S","domain","Sociétés","6","","","","","","","","","","","","","","",""
"","","","","","","","","Type double unité","False","H","[]","True","%Y-%m-%d %H:%M:%S","write","","7","","","","","","","","","","","","","","",""
"","","","","","","","","Description","False","I","[]","True","%Y-%m-%d %H:%M:%S","write","","8","","","","","","","","","","","","","","",""
"","","","","","","","","Méthode de fourniture par défaut","False","AA","[]","True","%Y-%m-%d %H:%M:%S","write","","9","","","","","","","","","","","","","","",""
"","","","","","","","","Déclenchement d'approvisionnement","False","AB","[]","True","%Y-%m-%d %H:%M:%S","write","","10","","","","","","","","","","","","","","",""
"","","","","","","","","Peut être vendu","False","AC","[]","True","%Y-%m-%d %H:%M:%S","write","","11","","","","","","","","","","","","","","",""
"","","","","","","","","Peut être acheté","False","AD","[]","True","%Y-%m-%d %H:%M:%S","write","","12","","","","","","","","","","","","","","",""
"","","","","","","","","Peut être produit","False","AE","[]","True","%Y-%m-%d %H:%M:%S","write","","13","","","","","","","","","","","","","","",""
"","","","","","","","","Faible appro.","False","AF","[]","True","%Y-%m-%d %H:%M:%S","write","","14","","","","","","","","","","","","","","",""
"","","","","","","","","Exclure du CBN","False","AG","[]","True","%Y-%m-%d %H:%M:%S","write","","15","","","","","","","","","","","","","","",""
"","","","","","","","","Toujours disponible","False","AH","[]","True","%Y-%m-%d %H:%M:%S","write","","16","","","","","","","","","","","","","","",""
"","","","","","","","","Attente confirmation délai","False","AI","[]","True","%Y-%m-%d %H:%M:%S","write","","17","","","","","","","","","","","","","","",""
"","","","","","","","","Matière client","False","AJ","[]","True","%Y-%m-%d %H:%M:%S","write","","18","","","","","","","","","","","","","","",""
"","","","","","","","","Classification","False","AL","[]","True","%Y-%m-%d %H:%M:%S","write","","19","","","","","","","","","","","","","","",""
"","","","","","","","","Suivre avec des étiquettes","False","BA","[]","True","%Y-%m-%d %H:%M:%S","write","","20","","","","","","","","","","","","","","",""
"","","","","","","","","Modèle d'étiquette","False","","[[""name"",""="",""$BB""]]","True","%Y-%m-%d %H:%M:%S","domain","Modèle d'étiquette","21","","","","","","","","","","","","","","",""
"","","","","","","","","Imposer qté","False","BC","[]","True","%Y-%m-%d %H:%M:%S","write","","22","","","","","","","","","","","","","","",""
"","","","","","","","","Qté de l’étiquette par défaut","False","BD","[]","True","%Y-%m-%d %H:%M:%S","write","","23","","","","","","","","","","","","","","",""
"","","","","","","","","Consommation auto. des étiquettes","False","BE","[]","True","%Y-%m-%d %H:%M:%S","write","","24","","","","","","","","","","","","","","",""
"","","","","","","","","Produit avec date d'expiration","False","BF","[]","True","%Y-%m-%d %H:%M:%S","write","","25","","","","","","","","","","","","","","",""
"","","","","","","","","Type de limite","False","BG","[]","True","%Y-%m-%d %H:%M:%S","write","","26","","","","","","","","","","","","","","",""
"","","","","","","","","Type de date de péremption et de retrait","False","BH","[]","True","%Y-%m-%d %H:%M:%S","write","","27","","","","","","","","","","","","","","",""
"","","","","","","","","Année d'expiration","False","BI","[]","True","%Y-%m-%d %H:%M:%S","write","","28","","","","","","","","","","","","","","",""
"","","","","","","","","Mois d'expiration","False","BJ","[]","True","%Y-%m-%d %H:%M:%S","write","","29","","","","","","","","","","","","","","",""
"","","","","","","","","Jour d'expiration","False","BK","[]","True","%Y-%m-%d %H:%M:%S","write","","30","","","","","","","","","","","","","","",""
"","","","","","","","","Année du retrait","False","BL","[]","True","%Y-%m-%d %H:%M:%S","write","","31","","","","","","","","","","","","","","",""
"","","","","","","","","Mois du retrait","False","BM","[]","True","%Y-%m-%d %H:%M:%S","write","","32","","","","","","","","","","","","","","",""
"","","","","","","","","Jour de retrait","False","BN","[]","True","%Y-%m-%d %H:%M:%S","write","","33","","","","","","","","","","","","","","",""
"","","","","","","","","Certificat de conformité","False","BO","[]","True","%Y-%m-%d %H:%M:%S","write","","34","","","","","","","","","","","","","","",""
"","","","","","","","","Logo ROHS","False","BP","[]","True","%Y-%m-%d %H:%M:%S","write","","35","","","","","","","","","","","","","","",""
"","","","","","","","","Logo réglementaire automobile","False","BQ","[]","True","%Y-%m-%d %H:%M:%S","write","","36","","","","","","","","","","","","","","",""
"","","","","","","","","Garantie","False","BR","[]","True","%Y-%m-%d %H:%M:%S","write","","37","","","","","","","","","","","","","","",""
"","","","","","","","","Unité de garantie","False","","[[""name"",""="",""$BS""]]","True","%Y-%m-%d %H:%M:%S","domain","UdM","38","","","","","","","","","","","","","","",""
"","","","","","","","","Poids brut","False","BY","[]","True","%Y-%m-%d %H:%M:%S","write","","39","","","","","","","","","","","","","","",""
"","","","","","","","","Poids net","False","BZ","[]","True","%Y-%m-%d %H:%M:%S","write","","40","","","","","","","","","","","","","","",""
"","","","","","","","","Volume brut","False","CA","[]","True","%Y-%m-%d %H:%M:%S","write","","41","","","","","","","","","","","","","","",""
"","","","","","","","","Volume net","False","CB","[]","True","%Y-%m-%d %H:%M:%S","write","","42","","","","","","","","","","","","","","",""
"","","","","","","","","Facteur Volume/poids","False","","[[""name"",""="",""$CC""]]","True","%Y-%m-%d %H:%M:%S","domain","UdM","43","","","","","","","","","","","","","","",""
"","","","","","","","","Tracer la version","False","CD","[]","True","%Y-%m-%d %H:%M:%S","write","","44","","","","","","","","","","","","","","",""
"","","","","","","","","Type d'horizon","False","DA","[]","True","%Y-%m-%d %H:%M:%S","write","","45","","","","","","","","","","","","","","",""
"","","","","","","","","Horizon manuel","False","DB","[]","True","%Y-%m-%d %H:%M:%S","write","","46","","","","","","","","","","","","","","",""
"","","","","","","","","Type du prix de revient pour les matières premières (onglet réel)","False","DC","[]","True","%Y-%m-%d %H:%M:%S","write","","47","","","","","","","","","","","","","","",""
"","","","","","","","","Type du prix de revient pour les matières premières (onglet théo)","False","DD","[]","True","%Y-%m-%d %H:%M:%S","write","","48","","","","","","","","","","","","","","",""
"","","","","","","","","Note interne","False","EA","[]","True","%Y-%m-%d %H:%M:%S","write","","49","","","","","","","","","","","","","","",""
"","","","","","","","","Groupement d'Intéret Economique (GIE)","False","FA","[]","True","%Y-%m-%d %H:%M:%S","write","","50","","","","","","","","","","","","","","",""
"","","","","","","","","Responsable des achats","False","","[[""name"",""="",""$FB""]]","True","%Y-%m-%d %H:%M:%S","domain","Utilisateurs","51","","","","","","","","","","","","","","",""
"","","","","","","","","Famille de stat d’achat","False","","[[""name"",""="",""$FC""]]","True","%Y-%m-%d %H:%M:%S","domain","Famille d'achat","52","","","","","","","","","","","","","","",""
"","","","","","","","","Pourcentage de tolérance à réception","False","FD","[]","True","%Y-%m-%d %H:%M:%S","write","","53","","","","","","","","","","","","","","",""
"","","","","","","","","Achat libre","False","FE","[]","True","%Y-%m-%d %H:%M:%S","write","","54","","","","","","","","","","","","","","",""
"","","","","","","","","Série économique","False","FF","[]","True","%Y-%m-%d %H:%M:%S","write","","55","","","","","","","","","","","","","","",""
"","","","","","","","","Méthode de coût","False","FG","[]","True","%Y-%m-%d %H:%M:%S","write","","56","","","","","","","","","","","","","","",""
"","","","","","","","","Prix par défaut","False","FI","[]","True","%Y-%m-%d %H:%M:%S","write","","57","","","","","","","","","","","","","","",""
"","","","","","","","","Unité d'achat","False","","[[""name"",""="",""$FJ""]]","True","%Y-%m-%d %H:%M:%S","domain","UdM","58","","","","","","","","","","","","","","",""
"","","","","","","","","UdP d'achat","False","","[[""name"",""="",""$FK""]]","True","%Y-%m-%d %H:%M:%S","domain","UdM","59","","","","","","","","","","","","","","",""
"","","","","","","","","Qté multiple d'achat","False","FL","[]","True","%Y-%m-%d %H:%M:%S","write","","60","","","","","","","","","","","","","","",""
"","","","","","","","","Quantité minimum d'achat","False","FM","[]","True","%Y-%m-%d %H:%M:%S","write","","61","","","","","","","","","","","","","","",""
"","","","","","","","","Conditionnement à l'achat","False","","[[""name"",""="",""$FN""]]","True","%Y-%m-%d %H:%M:%S","domain","Conditionnement de produit","62","","","","","","","","","","","","","","",""
"","","","","","","","","Délai d'approvisionnement","False","FO","[]","True","%Y-%m-%d %H:%M:%S","write","","63","","","","","","","","","","","","","","",""
"","","","","","","","","Ligne de commande d'achat","False","FP","[]","True","%Y-%m-%d %H:%M:%S","write","","64","","","","","","","","","","","","","","",""
"","","","","","","","","Message pour ligne de commande d'achat","False","FQ","[]","True","%Y-%m-%d %H:%M:%S","write","","65","","","","","","","","","","","","","","",""
"","","","","","","","","Note d'achat","False","FR","[]","True","%Y-%m-%d %H:%M:%S","write","","66","","","","","","","","","","","","","","",""
"","","","","","","","","Note imprimée sur le bon de réception","False","FS","[]","True","%Y-%m-%d %H:%M:%S","write","","67","","","","","","","","","","","","","","",""
"","","","","","","","","EAN 13","False","GA","[]","True","%Y-%m-%d %H:%M:%S","write","","68","","","","","","","","","","","","","","",""
"","","","","","","","","Responsable de vente","False","","[[""name"",""="",""$GB""]]","True","%Y-%m-%d %H:%M:%S","domain","Utilisateurs","69","","","","","","","","","","","","","","",""
"","","","","","","","","Famille de tarif ","False","","[[""name"",""="",""$GC""]]","True","%Y-%m-%d %H:%M:%S","domain","Famille de vente","70","","","","","","","","","","","","","","",""
"","","","","","","","","Famille de stat de vente","False","","[[""name"",""="",""$GD""]]","True","%Y-%m-%d %H:%M:%S","domain","Famille de stat de vente","71","","","","","","","","","","","","","","",""
"","","","","","","","","Pourcentage de tolérance à la livraison","False","GE","[]","True","%Y-%m-%d %H:%M:%S","write","","72","","","","","","","","","","","","","","",""
"","","","","","","","","Vente libre","False","GF","[]","True","%Y-%m-%d %H:%M:%S","write","","73","","","","","","","","","","","","","","",""
"","","","","","","","","Prix de vente","False","GH","[]","True","%Y-%m-%d %H:%M:%S","write","","74","","","","","","","","","","","","","","",""
"","","","","","","","","Unité de vente","False","","[[""name"",""="",""$GK""]]","True","%Y-%m-%d %H:%M:%S","domain","UdM","75","","","","","","","","","","","","","","",""
"","","","","","","","","UdP de la vente","False","","[[""name"",""="",""$GL""]]","True","%Y-%m-%d %H:%M:%S","domain","UdM","76","","","","","","","","","","","","","","",""
"","","","","","","","","Qté multiple de vente","False","GM","[]","True","%Y-%m-%d %H:%M:%S","write","","77","","","","","","","","","","","","","","",""
"","","","","","","","","Qté minimum de vente","False","GN","[]","True","%Y-%m-%d %H:%M:%S","write","","78","","","","","","","","","","","","","","",""
"","","","","","","","","Conditionnement à la vente","False","","[[""name"",""="",""$GO""]]","True","%Y-%m-%d %H:%M:%S","domain","Conditionnement de produit","79","","","","","","","","","","","","","","",""
"","","","","","","","","Délai d'engagement","False","GP","[]","True","%Y-%m-%d %H:%M:%S","write","","80","","","","","","","","","","","","","","",""
"","","","","","","","","Ligne de commande de vente","False","GQ","[]","True","%Y-%m-%d %H:%M:%S","write","","81","","","","","","","","","","","","","","",""
"","","","","","","","","Message pour ligne de commande de vente","False","GR","[]","True","%Y-%m-%d %H:%M:%S","write","","82","","","","","","","","","","","","","","",""
"","","","","","","","","Note de vente","False","GS","[]","True","%Y-%m-%d %H:%M:%S","write","","83","","","","","","","","","","","","","","",""
"","","","","","","","","Note imprimée sur le bon de livraison","False","GT","[]","True","%Y-%m-%d %H:%M:%S","write","","84","","","","","","","","","","","","","","",""
"","","","","","","","","Responsable données techniques","False","","[[""name"",""="",""$HA""]]","True","%Y-%m-%d %H:%M:%S","domain","Utilisateurs","85","","","","","","","","","","","","","","",""
"","","","","","","","","Responsable planification","False","","[[""name"",""="",""$HB""]]","True","%Y-%m-%d %H:%M:%S","domain","Utilisateurs","86","","","","","","","","","","","","","","",""
"","","","","","","","","Famille de production","False","","[[""name"",""="",""$HC""]]","True","%Y-%m-%d %H:%M:%S","domain","Famille de production","87","","","","","","","","","","","","","","",""
"","","","","","","","","Mode de calcul du prix des temps (onglet théo.)","False","HF","[]","True","%Y-%m-%d %H:%M:%S","write","","88","","","","","","","","","","","","","","",""
"","","","","","","","","Mode de calcul du prix des temps (onglet réel)","False","HG","[]","True","%Y-%m-%d %H:%M:%S","write","","89","","","","","","","","","","","","","","",""
"","","","","","","","","Mode de calcul des coûts de sous-traitance (onglet théo.)","False","HH","[]","True","%Y-%m-%d %H:%M:%S","write","","90","","","","","","","","","","","","","","",""
"","","","","","","","","Mode de calcul des coûts de sous-traitance (onglet réel)","False","HI","[]","True","%Y-%m-%d %H:%M:%S","write","","91","","","","","","","","","","","","","","",""
"","","","","","","","","Délai de fabrication","False","HJ","[]","True","%Y-%m-%d %H:%M:%S","write","","92","","","","","","","","","","","","","","",""
"","","","","","","","","Quantité minimum de fabrication","False","HK","[]","True","%Y-%m-%d %H:%M:%S","write","","93","","","","","","","","","","","","","","",""
"","","","","","","","","Multiple de fabrication","False","HL","[]","True","%Y-%m-%d %H:%M:%S","write","","94","","","","","","","","","","","","","","",""
"","","","","","","","","Sans nomenclature","False","HM","[]","True","%Y-%m-%d %H:%M:%S","write","","95","","","","","","","","","","","","","","",""
"","","","","","","","","Gamme","False","","[[""name"",""="",""$HN""]]","True","%Y-%m-%d %H:%M:%S","domain","Gamme","96","","","","","","","","","","","","","","",""
"","","","","","","","","Méthode de la valorisation","False","IA","[]","True","%Y-%m-%d %H:%M:%S","write","","97","","","","","","","","","","","","","","",""
"","","","","","","","","Type de valorisation des produits achetés","False","IB","[]","True","%Y-%m-%d %H:%M:%S","write","","98","","","","","","","","","","","","","","",""
"","","","","","","","","Type de valorisation des produits fabriqués","False","IC","[]","True","%Y-%m-%d %H:%M:%S","write","","99","","","","","","","","","","","","","","",""
"","","","","","","","","Note imprimée sur la facture","False","ID","[]","True","%Y-%m-%d %H:%M:%S","write","","100","","","","","","","","","","","","","","",""
"","","","","","","","","Compte de revenus","False","","[[""code"",""="",""$IE""]]","True","%Y-%m-%d %H:%M:%S","domain","Compte","101","","","","","","","","","","","","","","",""
"","","","","","","","","Compte de charges","False","","[[""code"",""="",""$IF""]]","True","%Y-%m-%d %H:%M:%S","domain","Compte","102","","","","","","","","","","","","","","",""
"","","","","","","","","Taxes des ventes","False","","[[""description"",""="",""$IG""]]","True","%Y-%m-%d %H:%M:%S","domain","Taxe","103","","","","","","","","","","","","","","",""
"","","","","","","","","Taxes d'achat","False","","[[""description"",""="",""$IH""]]","True","%Y-%m-%d %H:%M:%S","domain","Taxe","104","","","","","","","","","","","","","","",""
"","","","","","","","","Générique","False","II","[]","True","%Y-%m-%d %H:%M:%S","write","","105","","","","","","","","","","","","","","",""
"","","","","","","","","État","False","J","[]","True","%Y-%m-%d %H:%M:%S","write","","106","","","","","","","","","","","","","","",""
"","","","","","","","","Prix d'achat manuel","False","FH","[]","True","%Y-%m-%d %H:%M:%S","write","","107","","","","","","","","","","","","","","",""
"","","","","","","","update","Produit","True","","[[""code"",""="",""$A""]]","True","%Y-%m-%d %H:%M:%S","domain","Produit","0","","True","True","3","","0","Emplacement de stockage","stock.model_product_storage_location","1","True","False","","","",""
"","","","","","","","","Entrepôt","False","","[[""name"",""="",""$B""]]","True","%Y-%m-%d %H:%M:%S","domain","Entrepôt","1","","","","","","","","","","","","","","",""
"","","","","","","","","Emplacement","False","","[[""name"",""="",""$C""]]","True","%Y-%m-%d %H:%M:%S","domain","Emplacement","2","","","","","","","","","","","","","","",""
"","","","","","","","update","Produit","True","","[[""code"",""="",""$A""]]","True","%Y-%m-%d %H:%M:%S","domain","Produit","0","","True","True","3","","0","Historique versions produit","stock.model_product_version_historical","2","True","False","","","",""
"","","","","","","","","Version","False","B","[]","True","%Y-%m-%d %H:%M:%S","write","","1","","","","","","","","","","","","","","",""
"","","","","","","","","Date de début","False","C","[]","True","%Y-%m-%d %H:%M:%S","write","","2","","","","","","","","","","","","","","",""
"","","","","","","","update","Produit","True","","[[""code"",""="",""$A""]]","True","%Y-%m-%d %H:%M:%S","domain","Produit","0","","True","True","3","","0","Paramètres","mrp.model_parameter_dimension","3","True","False","","","",""
"","","","","","","","","Nom","False","","[[""name"",""="",""$B""]]","True","%Y-%m-%d %H:%M:%S","domain","Type de paramètre","1","","","","","","","","","","","","","","",""
"","","","","","","","","Valeur","False","C","[]","True","%Y-%m-%d %H:%M:%S","write","","2","","","","","","","","","","","","","","",""
"","","","","","","","","Prix unitaire","False","D","[]","True","%Y-%m-%d %H:%M:%S","write","","3","","","","","","","","","","","","","","",""
"","","","","","","","","Operateur","False","E","[]","True","%Y-%m-%d %H:%M:%S","write","","4","","","","","","","","","","","","","","",""
